,tracklet_duration,set_id,video_1,video_2
0,905.0,Set 1,20230313_SE_Lek1_P2D3_DJI_0312,20230313_SE_Lek1_P3D5_DJI_0575
1,4302.0,Set 1,20230313_SE_Lek1_P2D3_DJI_0312,20230313_SE_Lek1_P3D5_DJI_0575
2,1192.0,Set 1,20230313_SE_Lek1_P2D3_DJI_0312,20230313_SE_Lek1_P3D5_DJI_0575
3,167.0,Set 1,20230313_SE_Lek1_P2D3_DJI_0312,20230313_SE_Lek1_P3D5_DJI_0575
4,1505.0,Set 1,20230313_SE_Lek1_P2D3_DJI_0312,20230313_SE_Lek1_P3D5_DJI_0575
5,1757.0,Set 1,20230313_SE_Lek1_P2D3_DJI_0312,20230313_SE_Lek1_P3D5_DJI_0575
6,225.0,Set 1,20230313_SE_Lek1_P2D3_DJI_0312,20230313_SE_Lek1_P3D5_DJI_0575
7,497.0,Set 1,20230313_SE_Lek1_P2D3_DJI_0312,20230313_SE_Lek1_P3D5_DJI_0575
8,949.0,Set 1,20230313_SE_Lek1_P2D3_DJI_0312,20230313_SE_Lek1_P3D5_DJI_0575
9,1104.0,Set 1,20230313_SE_Lek1_P2D3_DJI_0312,20230313_SE_Lek1_P3D5_DJI_0575
10,152.0,Set 1,20230313_SE_Lek1_P2D3_DJI_0312,20230313_SE_Lek1_P3D5_DJI_0575
11,79.0,Set 1,20230313_SE_Lek1_P2D3_DJI_0312,20230313_SE_Lek1_P3D5_DJI_0575
12,401.0,Set 1,20230313_SE_Lek1_P2D3_DJI_0312,20230313_SE_Lek1_P3D5_DJI_0575
13,2483.0,Set 1,20230313_SE_Lek1_P2D3_DJI_0312,20230313_SE_Lek1_P3D5_DJI_0575
14,507.0,Set 1,20230313_SE_Lek1_P2D3_DJI_0312,20230313_SE_Lek1_P3D5_DJI_0575
15,236.0,Set 1,20230313_SE_Lek1_P2D3_DJI_0312,20230313_SE_Lek1_P3D5_DJI_0575
16,663.0,Set 1,20230313_SE_Lek1_P2D3_DJI_0312,20230313_SE_Lek1_P3D5_DJI_0575
17,1504.0,Set 1,20230313_SE_Lek1_P2D3_DJI_0312,20230313_SE_Lek1_P3D5_DJI_0575
18,304.0,Set 1,20230313_SE_Lek1_P2D3_DJI_0312,20230313_SE_Lek1_P3D5_DJI_0575
19,1119.0,Set 1,20230313_SE_Lek1_P2D3_DJI_0312,20230313_SE_Lek1_P3D5_DJI_0575
20,4282.0,Set 1,20230313_SE_Lek1_P2D3_DJI_0312,20230313_SE_Lek1_P3D5_DJI_0575
21,464.0,Set 1,20230313_SE_Lek1_P2D3_DJI_0312,20230313_SE_Lek1_P3D5_DJI_0575
22,120.0,Set 1,20230313_SE_Lek1_P2D3_DJI_0312,20230313_SE_Lek1_P3D5_DJI_0575
23,132.0,Set 1,20230313_SE_Lek1_P2D3_DJI_0312,20230313_SE_Lek1_P3D5_DJI_0575
24,311.0,Set 1,20230313_SE_Lek1_P2D3_DJI_0312,20230313_SE_Lek1_P3D5_DJI_0575
25,4289.0,Set 1,20230313_SE_Lek1_P2D3_DJI_0312,20230313_SE_Lek1_P3D5_DJI_0575
26,265.0,Set 1,20230313_SE_Lek1_P2D3_DJI_0312,20230313_SE_Lek1_P3D5_DJI_0575
27,8.0,Set 1,20230313_SE_Lek1_P2D3_DJI_0312,20230313_SE_Lek1_P3D5_DJI_0575
28,1427.0,Set 1,20230313_SE_Lek1_P2D3_DJI_0312,20230313_SE_Lek1_P3D5_DJI_0575
29,43.0,Set 1,20230313_SE_Lek1_P2D3_DJI_0312,20230313_SE_Lek1_P3D5_DJI_0575
30,115.0,Set 1,20230313_SE_Lek1_P2D3_DJI_0312,20230313_SE_Lek1_P3D5_DJI_0575
31,1253.0,Set 1,20230313_SE_Lek1_P2D3_DJI_0312,20230313_SE_Lek1_P3D5_DJI_0575
32,157.0,Set 1,20230313_SE_Lek1_P2D3_DJI_0312,20230313_SE_Lek1_P3D5_DJI_0575
33,863.0,Set 1,20230313_SE_Lek1_P2D3_DJI_0312,20230313_SE_Lek1_P3D5_DJI_0575
34,1505.0,Set 1,20230313_SE_Lek1_P2D3_DJI_0312,20230313_SE_Lek1_P3D5_DJI_0575
35,10.0,Set 1,20230313_SE_Lek1_P2D3_DJI_0312,20230313_SE_Lek1_P3D5_DJI_0575
36,840.0,Set 1,20230313_SE_Lek1_P2D3_DJI_0312,20230313_SE_Lek1_P3D5_DJI_0575
37,323.0,Set 1,20230313_SE_Lek1_P2D3_DJI_0312,20230313_SE_Lek1_P3D5_DJI_0575
38,42.0,Set 1,20230313_SE_Lek1_P2D3_DJI_0312,20230313_SE_Lek1_P3D5_DJI_0575
39,73.0,Set 1,20230313_SE_Lek1_P2D3_DJI_0312,20230313_SE_Lek1_P3D5_DJI_0575
40,1022.0,Set 1,20230313_SE_Lek1_P2D3_DJI_0312,20230313_SE_Lek1_P3D5_DJI_0575
41,1313.0,Set 1,20230313_SE_Lek1_P2D3_DJI_0312,20230313_SE_Lek1_P3D5_DJI_0575
42,223.0,Set 1,20230313_SE_Lek1_P2D3_DJI_0312,20230313_SE_Lek1_P3D5_DJI_0575
43,1360.0,Set 1,20230313_SE_Lek1_P2D3_DJI_0312,20230313_SE_Lek1_P3D5_DJI_0575
44,222.0,Set 1,20230313_SE_Lek1_P2D3_DJI_0312,20230313_SE_Lek1_P3D5_DJI_0575
45,698.0,Set 1,20230313_SE_Lek1_P2D3_DJI_0312,20230313_SE_Lek1_P3D5_DJI_0575
46,39.0,Set 1,20230313_SE_Lek1_P2D3_DJI_0312,20230313_SE_Lek1_P3D5_DJI_0575
47,5811.0,Set 1,20230313_SE_Lek1_P2D3_DJI_0312,20230313_SE_Lek1_P3D5_DJI_0575
48,455.0,Set 1,20230313_SE_Lek1_P2D3_DJI_0312,20230313_SE_Lek1_P3D5_DJI_0575
49,4341.0,Set 1,20230313_SE_Lek1_P2D3_DJI_0312,20230313_SE_Lek1_P3D5_DJI_0575
50,487.0,Set 1,20230313_SE_Lek1_P2D3_DJI_0312,20230313_SE_Lek1_P3D5_DJI_0575
51,33.0,Set 1,20230313_SE_Lek1_P2D3_DJI_0312,20230313_SE_Lek1_P3D5_DJI_0575
52,91.0,Set 1,20230313_SE_Lek1_P2D3_DJI_0312,20230313_SE_Lek1_P3D5_DJI_0575
53,391.0,Set 1,20230313_SE_Lek1_P2D3_DJI_0312,20230313_SE_Lek1_P3D5_DJI_0575
54,565.0,Set 1,20230313_SE_Lek1_P2D3_DJI_0312,20230313_SE_Lek1_P3D5_DJI_0575
55,128.0,Set 1,20230313_SE_Lek1_P2D3_DJI_0312,20230313_SE_Lek1_P3D5_DJI_0575
56,755.0,Set 1,20230313_SE_Lek1_P2D3_DJI_0312,20230313_SE_Lek1_P3D5_DJI_0575
57,308.0,Set 1,20230313_SE_Lek1_P2D3_DJI_0312,20230313_SE_Lek1_P3D5_DJI_0575
58,1391.0,Set 1,20230313_SE_Lek1_P2D3_DJI_0312,20230313_SE_Lek1_P3D5_DJI_0575
59,326.0,Set 1,20230313_SE_Lek1_P2D3_DJI_0312,20230313_SE_Lek1_P3D5_DJI_0575
60,1313.0,Set 1,20230313_SE_Lek1_P2D3_DJI_0312,20230313_SE_Lek1_P3D5_DJI_0575
61,189.0,Set 1,20230313_SE_Lek1_P2D3_DJI_0312,20230313_SE_Lek1_P3D5_DJI_0575
0,221.0,Set 2,20230313_SE_Lek1_P1D1_DJI_0294,20230313_SE_Lek1_P2D3_DJI_0310
1,163.0,Set 2,20230313_SE_Lek1_P1D1_DJI_0294,20230313_SE_Lek1_P2D3_DJI_0310
2,1960.0,Set 2,20230313_SE_Lek1_P1D1_DJI_0294,20230313_SE_Lek1_P2D3_DJI_0310
3,29.0,Set 2,20230313_SE_Lek1_P1D1_DJI_0294,20230313_SE_Lek1_P2D3_DJI_0310
4,377.0,Set 2,20230313_SE_Lek1_P1D1_DJI_0294,20230313_SE_Lek1_P2D3_DJI_0310
5,3757.0,Set 2,20230313_SE_Lek1_P1D1_DJI_0294,20230313_SE_Lek1_P2D3_DJI_0310
6,280.0,Set 2,20230313_SE_Lek1_P1D1_DJI_0294,20230313_SE_Lek1_P2D3_DJI_0310
7,69.0,Set 2,20230313_SE_Lek1_P1D1_DJI_0294,20230313_SE_Lek1_P2D3_DJI_0310
8,17.0,Set 2,20230313_SE_Lek1_P1D1_DJI_0294,20230313_SE_Lek1_P2D3_DJI_0310
9,480.0,Set 2,20230313_SE_Lek1_P1D1_DJI_0294,20230313_SE_Lek1_P2D3_DJI_0310
10,2502.0,Set 2,20230313_SE_Lek1_P1D1_DJI_0294,20230313_SE_Lek1_P2D3_DJI_0310
11,1270.0,Set 2,20230313_SE_Lek1_P1D1_DJI_0294,20230313_SE_Lek1_P2D3_DJI_0310
12,138.0,Set 2,20230313_SE_Lek1_P1D1_DJI_0294,20230313_SE_Lek1_P2D3_DJI_0310
13,188.0,Set 2,20230313_SE_Lek1_P1D1_DJI_0294,20230313_SE_Lek1_P2D3_DJI_0310
14,1112.0,Set 2,20230313_SE_Lek1_P1D1_DJI_0294,20230313_SE_Lek1_P2D3_DJI_0310
15,918.0,Set 2,20230313_SE_Lek1_P1D1_DJI_0294,20230313_SE_Lek1_P2D3_DJI_0310
16,154.0,Set 2,20230313_SE_Lek1_P1D1_DJI_0294,20230313_SE_Lek1_P2D3_DJI_0310
17,1027.0,Set 2,20230313_SE_Lek1_P1D1_DJI_0294,20230313_SE_Lek1_P2D3_DJI_0310
18,194.0,Set 2,20230313_SE_Lek1_P1D1_DJI_0294,20230313_SE_Lek1_P2D3_DJI_0310
19,77.0,Set 2,20230313_SE_Lek1_P1D1_DJI_0294,20230313_SE_Lek1_P2D3_DJI_0310
20,281.0,Set 2,20230313_SE_Lek1_P1D1_DJI_0294,20230313_SE_Lek1_P2D3_DJI_0310
21,183.0,Set 2,20230313_SE_Lek1_P1D1_DJI_0294,20230313_SE_Lek1_P2D3_DJI_0310
22,352.0,Set 2,20230313_SE_Lek1_P1D1_DJI_0294,20230313_SE_Lek1_P2D3_DJI_0310
23,157.0,Set 2,20230313_SE_Lek1_P1D1_DJI_0294,20230313_SE_Lek1_P2D3_DJI_0310
24,203.0,Set 2,20230313_SE_Lek1_P1D1_DJI_0294,20230313_SE_Lek1_P2D3_DJI_0310
25,253.0,Set 2,20230313_SE_Lek1_P1D1_DJI_0294,20230313_SE_Lek1_P2D3_DJI_0310
26,532.0,Set 2,20230313_SE_Lek1_P1D1_DJI_0294,20230313_SE_Lek1_P2D3_DJI_0310
27,17.0,Set 2,20230313_SE_Lek1_P1D1_DJI_0294,20230313_SE_Lek1_P2D3_DJI_0310
28,65.0,Set 2,20230313_SE_Lek1_P1D1_DJI_0294,20230313_SE_Lek1_P2D3_DJI_0310
29,93.0,Set 2,20230313_SE_Lek1_P1D1_DJI_0294,20230313_SE_Lek1_P2D3_DJI_0310
30,13.0,Set 2,20230313_SE_Lek1_P1D1_DJI_0294,20230313_SE_Lek1_P2D3_DJI_0310
31,171.0,Set 2,20230313_SE_Lek1_P1D1_DJI_0294,20230313_SE_Lek1_P2D3_DJI_0310
32,102.0,Set 2,20230313_SE_Lek1_P1D1_DJI_0294,20230313_SE_Lek1_P2D3_DJI_0310
33,454.0,Set 2,20230313_SE_Lek1_P1D1_DJI_0294,20230313_SE_Lek1_P2D3_DJI_0310
34,386.0,Set 2,20230313_SE_Lek1_P1D1_DJI_0294,20230313_SE_Lek1_P2D3_DJI_0310
35,,Set 2,20230313_SE_Lek1_P1D1_DJI_0294,20230313_SE_Lek1_P2D3_DJI_0310
36,88.0,Set 2,20230313_SE_Lek1_P1D1_DJI_0294,20230313_SE_Lek1_P2D3_DJI_0310
37,144.0,Set 2,20230313_SE_Lek1_P1D1_DJI_0294,20230313_SE_Lek1_P2D3_DJI_0310
38,914.0,Set 2,20230313_SE_Lek1_P1D1_DJI_0294,20230313_SE_Lek1_P2D3_DJI_0310
39,5793.0,Set 2,20230313_SE_Lek1_P1D1_DJI_0294,20230313_SE_Lek1_P2D3_DJI_0310
40,1092.0,Set 2,20230313_SE_Lek1_P1D1_DJI_0294,20230313_SE_Lek1_P2D3_DJI_0310
41,159.0,Set 2,20230313_SE_Lek1_P1D1_DJI_0294,20230313_SE_Lek1_P2D3_DJI_0310
42,3746.0,Set 2,20230313_SE_Lek1_P1D1_DJI_0294,20230313_SE_Lek1_P2D3_DJI_0310
43,214.0,Set 2,20230313_SE_Lek1_P1D1_DJI_0294,20230313_SE_Lek1_P2D3_DJI_0310
44,125.0,Set 2,20230313_SE_Lek1_P1D1_DJI_0294,20230313_SE_Lek1_P2D3_DJI_0310
45,5793.0,Set 2,20230313_SE_Lek1_P1D1_DJI_0294,20230313_SE_Lek1_P2D3_DJI_0310
46,152.0,Set 2,20230313_SE_Lek1_P1D1_DJI_0294,20230313_SE_Lek1_P2D3_DJI_0310
47,24.0,Set 2,20230313_SE_Lek1_P1D1_DJI_0294,20230313_SE_Lek1_P2D3_DJI_0310
48,64.0,Set 2,20230313_SE_Lek1_P1D1_DJI_0294,20230313_SE_Lek1_P2D3_DJI_0310
49,26.0,Set 2,20230313_SE_Lek1_P1D1_DJI_0294,20230313_SE_Lek1_P2D3_DJI_0310
50,2035.0,Set 2,20230313_SE_Lek1_P1D1_DJI_0294,20230313_SE_Lek1_P2D3_DJI_0310
51,387.0,Set 2,20230313_SE_Lek1_P1D1_DJI_0294,20230313_SE_Lek1_P2D3_DJI_0310
52,18.0,Set 2,20230313_SE_Lek1_P1D1_DJI_0294,20230313_SE_Lek1_P2D3_DJI_0310
53,2110.0,Set 2,20230313_SE_Lek1_P1D1_DJI_0294,20230313_SE_Lek1_P2D3_DJI_0310
54,499.0,Set 2,20230313_SE_Lek1_P1D1_DJI_0294,20230313_SE_Lek1_P2D3_DJI_0310
55,135.0,Set 2,20230313_SE_Lek1_P1D1_DJI_0294,20230313_SE_Lek1_P2D3_DJI_0310
56,272.0,Set 2,20230313_SE_Lek1_P1D1_DJI_0294,20230313_SE_Lek1_P2D3_DJI_0310
57,48.0,Set 2,20230313_SE_Lek1_P1D1_DJI_0294,20230313_SE_Lek1_P2D3_DJI_0310
58,10.0,Set 2,20230313_SE_Lek1_P1D1_DJI_0294,20230313_SE_Lek1_P2D3_DJI_0310
59,3143.0,Set 2,20230313_SE_Lek1_P1D1_DJI_0294,20230313_SE_Lek1_P2D3_DJI_0310
60,37.0,Set 2,20230313_SE_Lek1_P1D1_DJI_0294,20230313_SE_Lek1_P2D3_DJI_0310
61,328.0,Set 2,20230313_SE_Lek1_P1D1_DJI_0294,20230313_SE_Lek1_P2D3_DJI_0310
62,31.0,Set 2,20230313_SE_Lek1_P1D1_DJI_0294,20230313_SE_Lek1_P2D3_DJI_0310
63,88.0,Set 2,20230313_SE_Lek1_P1D1_DJI_0294,20230313_SE_Lek1_P2D3_DJI_0310
64,231.0,Set 2,20230313_SE_Lek1_P1D1_DJI_0294,20230313_SE_Lek1_P2D3_DJI_0310
65,2291.0,Set 2,20230313_SE_Lek1_P1D1_DJI_0294,20230313_SE_Lek1_P2D3_DJI_0310
66,322.0,Set 2,20230313_SE_Lek1_P1D1_DJI_0294,20230313_SE_Lek1_P2D3_DJI_0310
67,381.0,Set 2,20230313_SE_Lek1_P1D1_DJI_0294,20230313_SE_Lek1_P2D3_DJI_0310
68,35.0,Set 2,20230313_SE_Lek1_P1D1_DJI_0294,20230313_SE_Lek1_P2D3_DJI_0310
69,1156.0,Set 2,20230313_SE_Lek1_P1D1_DJI_0294,20230313_SE_Lek1_P2D3_DJI_0310
70,90.0,Set 2,20230313_SE_Lek1_P1D1_DJI_0294,20230313_SE_Lek1_P2D3_DJI_0310
71,369.0,Set 2,20230313_SE_Lek1_P1D1_DJI_0294,20230313_SE_Lek1_P2D3_DJI_0310
72,1498.0,Set 2,20230313_SE_Lek1_P1D1_DJI_0294,20230313_SE_Lek1_P2D3_DJI_0310
73,605.0,Set 2,20230313_SE_Lek1_P1D1_DJI_0294,20230313_SE_Lek1_P2D3_DJI_0310
74,880.0,Set 2,20230313_SE_Lek1_P1D1_DJI_0294,20230313_SE_Lek1_P2D3_DJI_0310
75,799.0,Set 2,20230313_SE_Lek1_P1D1_DJI_0294,20230313_SE_Lek1_P2D3_DJI_0310
76,1003.0,Set 2,20230313_SE_Lek1_P1D1_DJI_0294,20230313_SE_Lek1_P2D3_DJI_0310
77,17.0,Set 2,20230313_SE_Lek1_P1D1_DJI_0294,20230313_SE_Lek1_P2D3_DJI_0310
78,3834.0,Set 2,20230313_SE_Lek1_P1D1_DJI_0294,20230313_SE_Lek1_P2D3_DJI_0310
79,618.0,Set 2,20230313_SE_Lek1_P1D1_DJI_0294,20230313_SE_Lek1_P2D3_DJI_0310
80,343.0,Set 2,20230313_SE_Lek1_P1D1_DJI_0294,20230313_SE_Lek1_P2D3_DJI_0310
81,241.0,Set 2,20230313_SE_Lek1_P1D1_DJI_0294,20230313_SE_Lek1_P2D3_DJI_0310
82,248.0,Set 2,20230313_SE_Lek1_P1D1_DJI_0294,20230313_SE_Lek1_P2D3_DJI_0310
83,1095.0,Set 2,20230313_SE_Lek1_P1D1_DJI_0294,20230313_SE_Lek1_P2D3_DJI_0310
84,126.0,Set 2,20230313_SE_Lek1_P1D1_DJI_0294,20230313_SE_Lek1_P2D3_DJI_0310
85,45.0,Set 2,20230313_SE_Lek1_P1D1_DJI_0294,20230313_SE_Lek1_P2D3_DJI_0310
86,136.0,Set 2,20230313_SE_Lek1_P1D1_DJI_0294,20230313_SE_Lek1_P2D3_DJI_0310
87,37.0,Set 2,20230313_SE_Lek1_P1D1_DJI_0294,20230313_SE_Lek1_P2D3_DJI_0310
88,77.0,Set 2,20230313_SE_Lek1_P1D1_DJI_0294,20230313_SE_Lek1_P2D3_DJI_0310
89,722.0,Set 2,20230313_SE_Lek1_P1D1_DJI_0294,20230313_SE_Lek1_P2D3_DJI_0310
90,1751.0,Set 2,20230313_SE_Lek1_P1D1_DJI_0294,20230313_SE_Lek1_P2D3_DJI_0310
91,39.0,Set 2,20230313_SE_Lek1_P1D1_DJI_0294,20230313_SE_Lek1_P2D3_DJI_0310
92,1957.0,Set 2,20230313_SE_Lek1_P1D1_DJI_0294,20230313_SE_Lek1_P2D3_DJI_0310
93,321.0,Set 2,20230313_SE_Lek1_P1D1_DJI_0294,20230313_SE_Lek1_P2D3_DJI_0310
94,347.0,Set 2,20230313_SE_Lek1_P1D1_DJI_0294,20230313_SE_Lek1_P2D3_DJI_0310
95,368.0,Set 2,20230313_SE_Lek1_P1D1_DJI_0294,20230313_SE_Lek1_P2D3_DJI_0310
96,110.0,Set 2,20230313_SE_Lek1_P1D1_DJI_0294,20230313_SE_Lek1_P2D3_DJI_0310
97,375.0,Set 2,20230313_SE_Lek1_P1D1_DJI_0294,20230313_SE_Lek1_P2D3_DJI_0310
98,23.0,Set 2,20230313_SE_Lek1_P1D1_DJI_0294,20230313_SE_Lek1_P2D3_DJI_0310
99,91.0,Set 2,20230313_SE_Lek1_P1D1_DJI_0294,20230313_SE_Lek1_P2D3_DJI_0310
100,78.0,Set 2,20230313_SE_Lek1_P1D1_DJI_0294,20230313_SE_Lek1_P2D3_DJI_0310
101,682.0,Set 2,20230313_SE_Lek1_P1D1_DJI_0294,20230313_SE_Lek1_P2D3_DJI_0310
102,145.0,Set 2,20230313_SE_Lek1_P1D1_DJI_0294,20230313_SE_Lek1_P2D3_DJI_0310
103,57.0,Set 2,20230313_SE_Lek1_P1D1_DJI_0294,20230313_SE_Lek1_P2D3_DJI_0310
104,308.0,Set 2,20230313_SE_Lek1_P1D1_DJI_0294,20230313_SE_Lek1_P2D3_DJI_0310
105,5.0,Set 2,20230313_SE_Lek1_P1D1_DJI_0294,20230313_SE_Lek1_P2D3_DJI_0310
106,32.0,Set 2,20230313_SE_Lek1_P1D1_DJI_0294,20230313_SE_Lek1_P2D3_DJI_0310
107,386.0,Set 2,20230313_SE_Lek1_P1D1_DJI_0294,20230313_SE_Lek1_P2D3_DJI_0310
108,120.0,Set 2,20230313_SE_Lek1_P1D1_DJI_0294,20230313_SE_Lek1_P2D3_DJI_0310
109,62.0,Set 2,20230313_SE_Lek1_P1D1_DJI_0294,20230313_SE_Lek1_P2D3_DJI_0310
110,3398.0,Set 2,20230313_SE_Lek1_P1D1_DJI_0294,20230313_SE_Lek1_P2D3_DJI_0310
111,486.0,Set 2,20230313_SE_Lek1_P1D1_DJI_0294,20230313_SE_Lek1_P2D3_DJI_0310
112,951.0,Set 2,20230313_SE_Lek1_P1D1_DJI_0294,20230313_SE_Lek1_P2D3_DJI_0310
113,2395.0,Set 2,20230313_SE_Lek1_P1D1_DJI_0294,20230313_SE_Lek1_P2D3_DJI_0310
114,1365.0,Set 2,20230313_SE_Lek1_P1D1_DJI_0294,20230313_SE_Lek1_P2D3_DJI_0310
115,504.0,Set 2,20230313_SE_Lek1_P1D1_DJI_0294,20230313_SE_Lek1_P2D3_DJI_0310
116,3258.0,Set 2,20230313_SE_Lek1_P1D1_DJI_0294,20230313_SE_Lek1_P2D3_DJI_0310
117,239.0,Set 2,20230313_SE_Lek1_P1D1_DJI_0294,20230313_SE_Lek1_P2D3_DJI_0310
118,115.0,Set 2,20230313_SE_Lek1_P1D1_DJI_0294,20230313_SE_Lek1_P2D3_DJI_0310
119,59.0,Set 2,20230313_SE_Lek1_P1D1_DJI_0294,20230313_SE_Lek1_P2D3_DJI_0310
120,123.0,Set 2,20230313_SE_Lek1_P1D1_DJI_0294,20230313_SE_Lek1_P2D3_DJI_0310
121,1002.0,Set 2,20230313_SE_Lek1_P1D1_DJI_0294,20230313_SE_Lek1_P2D3_DJI_0310
122,636.0,Set 2,20230313_SE_Lek1_P1D1_DJI_0294,20230313_SE_Lek1_P2D3_DJI_0310
123,14.0,Set 2,20230313_SE_Lek1_P1D1_DJI_0294,20230313_SE_Lek1_P2D3_DJI_0310
124,194.0,Set 2,20230313_SE_Lek1_P1D1_DJI_0294,20230313_SE_Lek1_P2D3_DJI_0310
125,295.0,Set 2,20230313_SE_Lek1_P1D1_DJI_0294,20230313_SE_Lek1_P2D3_DJI_0310
126,25.0,Set 2,20230313_SE_Lek1_P1D1_DJI_0294,20230313_SE_Lek1_P2D3_DJI_0310
127,765.0,Set 2,20230313_SE_Lek1_P1D1_DJI_0294,20230313_SE_Lek1_P2D3_DJI_0310
128,129.0,Set 2,20230313_SE_Lek1_P1D1_DJI_0294,20230313_SE_Lek1_P2D3_DJI_0310
0,4848.0,Set 2,20230313_SE_Lek1_P2D3_DJI_0310,20230313_SE_Lek1_P3D5_DJI_0573
1,2374.0,Set 2,20230313_SE_Lek1_P2D3_DJI_0310,20230313_SE_Lek1_P3D5_DJI_0573
2,1745.0,Set 2,20230313_SE_Lek1_P2D3_DJI_0310,20230313_SE_Lek1_P3D5_DJI_0573
3,751.0,Set 2,20230313_SE_Lek1_P2D3_DJI_0310,20230313_SE_Lek1_P3D5_DJI_0573
4,146.0,Set 2,20230313_SE_Lek1_P2D3_DJI_0310,20230313_SE_Lek1_P3D5_DJI_0573
5,339.0,Set 2,20230313_SE_Lek1_P2D3_DJI_0310,20230313_SE_Lek1_P3D5_DJI_0573
6,268.0,Set 2,20230313_SE_Lek1_P2D3_DJI_0310,20230313_SE_Lek1_P3D5_DJI_0573
7,237.0,Set 2,20230313_SE_Lek1_P2D3_DJI_0310,20230313_SE_Lek1_P3D5_DJI_0573
8,1065.0,Set 2,20230313_SE_Lek1_P2D3_DJI_0310,20230313_SE_Lek1_P3D5_DJI_0573
9,115.0,Set 2,20230313_SE_Lek1_P2D3_DJI_0310,20230313_SE_Lek1_P3D5_DJI_0573
10,755.0,Set 2,20230313_SE_Lek1_P2D3_DJI_0310,20230313_SE_Lek1_P3D5_DJI_0573
11,57.0,Set 2,20230313_SE_Lek1_P2D3_DJI_0310,20230313_SE_Lek1_P3D5_DJI_0573
12,129.0,Set 2,20230313_SE_Lek1_P2D3_DJI_0310,20230313_SE_Lek1_P3D5_DJI_0573
13,1054.0,Set 2,20230313_SE_Lek1_P2D3_DJI_0310,20230313_SE_Lek1_P3D5_DJI_0573
14,1798.0,Set 2,20230313_SE_Lek1_P2D3_DJI_0310,20230313_SE_Lek1_P3D5_DJI_0573
15,354.0,Set 2,20230313_SE_Lek1_P2D3_DJI_0310,20230313_SE_Lek1_P3D5_DJI_0573
16,1439.0,Set 2,20230313_SE_Lek1_P2D3_DJI_0310,20230313_SE_Lek1_P3D5_DJI_0573
17,851.0,Set 2,20230313_SE_Lek1_P2D3_DJI_0310,20230313_SE_Lek1_P3D5_DJI_0573
18,219.0,Set 2,20230313_SE_Lek1_P2D3_DJI_0310,20230313_SE_Lek1_P3D5_DJI_0573
19,368.0,Set 2,20230313_SE_Lek1_P2D3_DJI_0310,20230313_SE_Lek1_P3D5_DJI_0573
20,69.0,Set 2,20230313_SE_Lek1_P2D3_DJI_0310,20230313_SE_Lek1_P3D5_DJI_0573
21,1211.0,Set 2,20230313_SE_Lek1_P2D3_DJI_0310,20230313_SE_Lek1_P3D5_DJI_0573
22,715.0,Set 2,20230313_SE_Lek1_P2D3_DJI_0310,20230313_SE_Lek1_P3D5_DJI_0573
23,34.0,Set 2,20230313_SE_Lek1_P2D3_DJI_0310,20230313_SE_Lek1_P3D5_DJI_0573
24,414.0,Set 2,20230313_SE_Lek1_P2D3_DJI_0310,20230313_SE_Lek1_P3D5_DJI_0573
25,1137.0,Set 2,20230313_SE_Lek1_P2D3_DJI_0310,20230313_SE_Lek1_P3D5_DJI_0573
26,968.0,Set 2,20230313_SE_Lek1_P2D3_DJI_0310,20230313_SE_Lek1_P3D5_DJI_0573
27,720.0,Set 2,20230313_SE_Lek1_P2D3_DJI_0310,20230313_SE_Lek1_P3D5_DJI_0573
28,322.0,Set 2,20230313_SE_Lek1_P2D3_DJI_0310,20230313_SE_Lek1_P3D5_DJI_0573
29,2036.0,Set 2,20230313_SE_Lek1_P2D3_DJI_0310,20230313_SE_Lek1_P3D5_DJI_0573
30,385.0,Set 2,20230313_SE_Lek1_P2D3_DJI_0310,20230313_SE_Lek1_P3D5_DJI_0573
31,2394.0,Set 2,20230313_SE_Lek1_P2D3_DJI_0310,20230313_SE_Lek1_P3D5_DJI_0573
32,163.0,Set 2,20230313_SE_Lek1_P2D3_DJI_0310,20230313_SE_Lek1_P3D5_DJI_0573
33,121.0,Set 2,20230313_SE_Lek1_P2D3_DJI_0310,20230313_SE_Lek1_P3D5_DJI_0573
34,436.0,Set 2,20230313_SE_Lek1_P2D3_DJI_0310,20230313_SE_Lek1_P3D5_DJI_0573
35,20.0,Set 2,20230313_SE_Lek1_P2D3_DJI_0310,20230313_SE_Lek1_P3D5_DJI_0573
36,866.0,Set 2,20230313_SE_Lek1_P2D3_DJI_0310,20230313_SE_Lek1_P3D5_DJI_0573
37,136.0,Set 2,20230313_SE_Lek1_P2D3_DJI_0310,20230313_SE_Lek1_P3D5_DJI_0573
38,1483.0,Set 2,20230313_SE_Lek1_P2D3_DJI_0310,20230313_SE_Lek1_P3D5_DJI_0573
39,1648.0,Set 2,20230313_SE_Lek1_P2D3_DJI_0310,20230313_SE_Lek1_P3D5_DJI_0573
40,216.0,Set 2,20230313_SE_Lek1_P2D3_DJI_0310,20230313_SE_Lek1_P3D5_DJI_0573
41,399.0,Set 2,20230313_SE_Lek1_P2D3_DJI_0310,20230313_SE_Lek1_P3D5_DJI_0573
42,5798.0,Set 2,20230313_SE_Lek1_P2D3_DJI_0310,20230313_SE_Lek1_P3D5_DJI_0573
43,99.0,Set 2,20230313_SE_Lek1_P2D3_DJI_0310,20230313_SE_Lek1_P3D5_DJI_0573
44,156.0,Set 2,20230313_SE_Lek1_P2D3_DJI_0310,20230313_SE_Lek1_P3D5_DJI_0573
45,412.0,Set 2,20230313_SE_Lek1_P2D3_DJI_0310,20230313_SE_Lek1_P3D5_DJI_0573
46,1564.0,Set 2,20230313_SE_Lek1_P2D3_DJI_0310,20230313_SE_Lek1_P3D5_DJI_0573
47,565.0,Set 2,20230313_SE_Lek1_P2D3_DJI_0310,20230313_SE_Lek1_P3D5_DJI_0573
48,423.0,Set 2,20230313_SE_Lek1_P2D3_DJI_0310,20230313_SE_Lek1_P3D5_DJI_0573
49,2524.0,Set 2,20230313_SE_Lek1_P2D3_DJI_0310,20230313_SE_Lek1_P3D5_DJI_0573
50,167.0,Set 2,20230313_SE_Lek1_P2D3_DJI_0310,20230313_SE_Lek1_P3D5_DJI_0573
51,35.0,Set 2,20230313_SE_Lek1_P2D3_DJI_0310,20230313_SE_Lek1_P3D5_DJI_0573
52,84.0,Set 2,20230313_SE_Lek1_P2D3_DJI_0310,20230313_SE_Lek1_P3D5_DJI_0573
53,1457.0,Set 2,20230313_SE_Lek1_P2D3_DJI_0310,20230313_SE_Lek1_P3D5_DJI_0573
54,227.0,Set 2,20230313_SE_Lek1_P2D3_DJI_0310,20230313_SE_Lek1_P3D5_DJI_0573
55,239.0,Set 2,20230313_SE_Lek1_P2D3_DJI_0310,20230313_SE_Lek1_P3D5_DJI_0573
56,3294.0,Set 2,20230313_SE_Lek1_P2D3_DJI_0310,20230313_SE_Lek1_P3D5_DJI_0573
57,262.0,Set 2,20230313_SE_Lek1_P2D3_DJI_0310,20230313_SE_Lek1_P3D5_DJI_0573
58,679.0,Set 2,20230313_SE_Lek1_P2D3_DJI_0310,20230313_SE_Lek1_P3D5_DJI_0573
59,181.0,Set 2,20230313_SE_Lek1_P2D3_DJI_0310,20230313_SE_Lek1_P3D5_DJI_0573
60,246.0,Set 2,20230313_SE_Lek1_P2D3_DJI_0310,20230313_SE_Lek1_P3D5_DJI_0573
61,1224.0,Set 2,20230313_SE_Lek1_P2D3_DJI_0310,20230313_SE_Lek1_P3D5_DJI_0573
62,72.0,Set 2,20230313_SE_Lek1_P2D3_DJI_0310,20230313_SE_Lek1_P3D5_DJI_0573
63,207.0,Set 2,20230313_SE_Lek1_P2D3_DJI_0310,20230313_SE_Lek1_P3D5_DJI_0573
64,4941.0,Set 2,20230313_SE_Lek1_P2D3_DJI_0310,20230313_SE_Lek1_P3D5_DJI_0573
65,82.0,Set 2,20230313_SE_Lek1_P2D3_DJI_0310,20230313_SE_Lek1_P3D5_DJI_0573
0,64.0,Set 3,20230313_SE_Lek1_P1D2_DJI_0020,20230313_SE_Lek1_P2D4_DJI_0940
1,96.0,Set 3,20230313_SE_Lek1_P1D2_DJI_0020,20230313_SE_Lek1_P2D4_DJI_0940
2,218.0,Set 3,20230313_SE_Lek1_P1D2_DJI_0020,20230313_SE_Lek1_P2D4_DJI_0940
3,544.0,Set 3,20230313_SE_Lek1_P1D2_DJI_0020,20230313_SE_Lek1_P2D4_DJI_0940
4,2192.0,Set 3,20230313_SE_Lek1_P1D2_DJI_0020,20230313_SE_Lek1_P2D4_DJI_0940
5,82.0,Set 3,20230313_SE_Lek1_P1D2_DJI_0020,20230313_SE_Lek1_P2D4_DJI_0940
6,738.0,Set 3,20230313_SE_Lek1_P1D2_DJI_0020,20230313_SE_Lek1_P2D4_DJI_0940
7,127.0,Set 3,20230313_SE_Lek1_P1D2_DJI_0020,20230313_SE_Lek1_P2D4_DJI_0940
8,445.0,Set 3,20230313_SE_Lek1_P1D2_DJI_0020,20230313_SE_Lek1_P2D4_DJI_0940
9,4882.0,Set 3,20230313_SE_Lek1_P1D2_DJI_0020,20230313_SE_Lek1_P2D4_DJI_0940
10,407.0,Set 3,20230313_SE_Lek1_P1D2_DJI_0020,20230313_SE_Lek1_P2D4_DJI_0940
11,243.0,Set 3,20230313_SE_Lek1_P1D2_DJI_0020,20230313_SE_Lek1_P2D4_DJI_0940
12,132.0,Set 3,20230313_SE_Lek1_P1D2_DJI_0020,20230313_SE_Lek1_P2D4_DJI_0940
13,1029.0,Set 3,20230313_SE_Lek1_P1D2_DJI_0020,20230313_SE_Lek1_P2D4_DJI_0940
14,221.0,Set 3,20230313_SE_Lek1_P1D2_DJI_0020,20230313_SE_Lek1_P2D4_DJI_0940
15,503.0,Set 3,20230313_SE_Lek1_P1D2_DJI_0020,20230313_SE_Lek1_P2D4_DJI_0940
16,1809.0,Set 3,20230313_SE_Lek1_P1D2_DJI_0020,20230313_SE_Lek1_P2D4_DJI_0940
17,161.0,Set 3,20230313_SE_Lek1_P1D2_DJI_0020,20230313_SE_Lek1_P2D4_DJI_0940
18,1080.0,Set 3,20230313_SE_Lek1_P1D2_DJI_0020,20230313_SE_Lek1_P2D4_DJI_0940
19,1760.0,Set 3,20230313_SE_Lek1_P1D2_DJI_0020,20230313_SE_Lek1_P2D4_DJI_0940
20,455.0,Set 3,20230313_SE_Lek1_P1D2_DJI_0020,20230313_SE_Lek1_P2D4_DJI_0940
21,1265.0,Set 3,20230313_SE_Lek1_P1D2_DJI_0020,20230313_SE_Lek1_P2D4_DJI_0940
22,150.0,Set 3,20230313_SE_Lek1_P1D2_DJI_0020,20230313_SE_Lek1_P2D4_DJI_0940
23,415.0,Set 3,20230313_SE_Lek1_P1D2_DJI_0020,20230313_SE_Lek1_P2D4_DJI_0940
24,829.0,Set 3,20230313_SE_Lek1_P1D2_DJI_0020,20230313_SE_Lek1_P2D4_DJI_0940
25,448.0,Set 3,20230313_SE_Lek1_P1D2_DJI_0020,20230313_SE_Lek1_P2D4_DJI_0940
26,701.0,Set 3,20230313_SE_Lek1_P1D2_DJI_0020,20230313_SE_Lek1_P2D4_DJI_0940
27,101.0,Set 3,20230313_SE_Lek1_P1D2_DJI_0020,20230313_SE_Lek1_P2D4_DJI_0940
28,204.0,Set 3,20230313_SE_Lek1_P1D2_DJI_0020,20230313_SE_Lek1_P2D4_DJI_0940
29,532.0,Set 3,20230313_SE_Lek1_P1D2_DJI_0020,20230313_SE_Lek1_P2D4_DJI_0940
30,1541.0,Set 3,20230313_SE_Lek1_P1D2_DJI_0020,20230313_SE_Lek1_P2D4_DJI_0940
31,133.0,Set 3,20230313_SE_Lek1_P1D2_DJI_0020,20230313_SE_Lek1_P2D4_DJI_0940
32,15.0,Set 3,20230313_SE_Lek1_P1D2_DJI_0020,20230313_SE_Lek1_P2D4_DJI_0940
33,50.0,Set 3,20230313_SE_Lek1_P1D2_DJI_0020,20230313_SE_Lek1_P2D4_DJI_0940
34,170.0,Set 3,20230313_SE_Lek1_P1D2_DJI_0020,20230313_SE_Lek1_P2D4_DJI_0940
35,1153.0,Set 3,20230313_SE_Lek1_P1D2_DJI_0020,20230313_SE_Lek1_P2D4_DJI_0940
36,4686.0,Set 3,20230313_SE_Lek1_P1D2_DJI_0020,20230313_SE_Lek1_P2D4_DJI_0940
37,476.0,Set 3,20230313_SE_Lek1_P1D2_DJI_0020,20230313_SE_Lek1_P2D4_DJI_0940
38,57.0,Set 3,20230313_SE_Lek1_P1D2_DJI_0020,20230313_SE_Lek1_P2D4_DJI_0940
39,60.0,Set 3,20230313_SE_Lek1_P1D2_DJI_0020,20230313_SE_Lek1_P2D4_DJI_0940
40,593.0,Set 3,20230313_SE_Lek1_P1D2_DJI_0020,20230313_SE_Lek1_P2D4_DJI_0940
41,311.0,Set 3,20230313_SE_Lek1_P1D2_DJI_0020,20230313_SE_Lek1_P2D4_DJI_0940
42,585.0,Set 3,20230313_SE_Lek1_P1D2_DJI_0020,20230313_SE_Lek1_P2D4_DJI_0940
43,349.0,Set 3,20230313_SE_Lek1_P1D2_DJI_0020,20230313_SE_Lek1_P2D4_DJI_0940
44,156.0,Set 3,20230313_SE_Lek1_P1D2_DJI_0020,20230313_SE_Lek1_P2D4_DJI_0940
45,41.0,Set 3,20230313_SE_Lek1_P1D2_DJI_0020,20230313_SE_Lek1_P2D4_DJI_0940
46,250.0,Set 3,20230313_SE_Lek1_P1D2_DJI_0020,20230313_SE_Lek1_P2D4_DJI_0940
47,283.0,Set 3,20230313_SE_Lek1_P1D2_DJI_0020,20230313_SE_Lek1_P2D4_DJI_0940
48,74.0,Set 3,20230313_SE_Lek1_P1D2_DJI_0020,20230313_SE_Lek1_P2D4_DJI_0940
49,38.0,Set 3,20230313_SE_Lek1_P1D2_DJI_0020,20230313_SE_Lek1_P2D4_DJI_0940
50,639.0,Set 3,20230313_SE_Lek1_P1D2_DJI_0020,20230313_SE_Lek1_P2D4_DJI_0940
51,10.0,Set 3,20230313_SE_Lek1_P1D2_DJI_0020,20230313_SE_Lek1_P2D4_DJI_0940
52,1185.0,Set 3,20230313_SE_Lek1_P1D2_DJI_0020,20230313_SE_Lek1_P2D4_DJI_0940
53,738.0,Set 3,20230313_SE_Lek1_P1D2_DJI_0020,20230313_SE_Lek1_P2D4_DJI_0940
54,118.0,Set 3,20230313_SE_Lek1_P1D2_DJI_0020,20230313_SE_Lek1_P2D4_DJI_0940
55,111.0,Set 3,20230313_SE_Lek1_P1D2_DJI_0020,20230313_SE_Lek1_P2D4_DJI_0940
56,234.0,Set 3,20230313_SE_Lek1_P1D2_DJI_0020,20230313_SE_Lek1_P2D4_DJI_0940
57,600.0,Set 3,20230313_SE_Lek1_P1D2_DJI_0020,20230313_SE_Lek1_P2D4_DJI_0940
58,127.0,Set 3,20230313_SE_Lek1_P1D2_DJI_0020,20230313_SE_Lek1_P2D4_DJI_0940
59,176.0,Set 3,20230313_SE_Lek1_P1D2_DJI_0020,20230313_SE_Lek1_P2D4_DJI_0940
60,5220.0,Set 3,20230313_SE_Lek1_P1D2_DJI_0020,20230313_SE_Lek1_P2D4_DJI_0940
61,1093.0,Set 3,20230313_SE_Lek1_P1D2_DJI_0020,20230313_SE_Lek1_P2D4_DJI_0940
62,84.0,Set 3,20230313_SE_Lek1_P1D2_DJI_0020,20230313_SE_Lek1_P2D4_DJI_0940
63,416.0,Set 3,20230313_SE_Lek1_P1D2_DJI_0020,20230313_SE_Lek1_P2D4_DJI_0940
64,314.0,Set 3,20230313_SE_Lek1_P1D2_DJI_0020,20230313_SE_Lek1_P2D4_DJI_0940
65,667.0,Set 3,20230313_SE_Lek1_P1D2_DJI_0020,20230313_SE_Lek1_P2D4_DJI_0940
66,928.0,Set 3,20230313_SE_Lek1_P1D2_DJI_0020,20230313_SE_Lek1_P2D4_DJI_0940
67,358.0,Set 3,20230313_SE_Lek1_P1D2_DJI_0020,20230313_SE_Lek1_P2D4_DJI_0940
68,3667.0,Set 3,20230313_SE_Lek1_P1D2_DJI_0020,20230313_SE_Lek1_P2D4_DJI_0940
69,196.0,Set 3,20230313_SE_Lek1_P1D2_DJI_0020,20230313_SE_Lek1_P2D4_DJI_0940
70,3024.0,Set 3,20230313_SE_Lek1_P1D2_DJI_0020,20230313_SE_Lek1_P2D4_DJI_0940
71,382.0,Set 3,20230313_SE_Lek1_P1D2_DJI_0020,20230313_SE_Lek1_P2D4_DJI_0940
72,115.0,Set 3,20230313_SE_Lek1_P1D2_DJI_0020,20230313_SE_Lek1_P2D4_DJI_0940
73,851.0,Set 3,20230313_SE_Lek1_P1D2_DJI_0020,20230313_SE_Lek1_P2D4_DJI_0940
74,1560.0,Set 3,20230313_SE_Lek1_P1D2_DJI_0020,20230313_SE_Lek1_P2D4_DJI_0940
75,123.0,Set 3,20230313_SE_Lek1_P1D2_DJI_0020,20230313_SE_Lek1_P2D4_DJI_0940
76,482.0,Set 3,20230313_SE_Lek1_P1D2_DJI_0020,20230313_SE_Lek1_P2D4_DJI_0940
77,1206.0,Set 3,20230313_SE_Lek1_P1D2_DJI_0020,20230313_SE_Lek1_P2D4_DJI_0940
78,754.0,Set 3,20230313_SE_Lek1_P1D2_DJI_0020,20230313_SE_Lek1_P2D4_DJI_0940
79,903.0,Set 3,20230313_SE_Lek1_P1D2_DJI_0020,20230313_SE_Lek1_P2D4_DJI_0940
80,2192.0,Set 3,20230313_SE_Lek1_P1D2_DJI_0020,20230313_SE_Lek1_P2D4_DJI_0940
81,68.0,Set 3,20230313_SE_Lek1_P1D2_DJI_0020,20230313_SE_Lek1_P2D4_DJI_0940
82,696.0,Set 3,20230313_SE_Lek1_P1D2_DJI_0020,20230313_SE_Lek1_P2D4_DJI_0940
83,337.0,Set 3,20230313_SE_Lek1_P1D2_DJI_0020,20230313_SE_Lek1_P2D4_DJI_0940
84,137.0,Set 3,20230313_SE_Lek1_P1D2_DJI_0020,20230313_SE_Lek1_P2D4_DJI_0940
85,5220.0,Set 3,20230313_SE_Lek1_P1D2_DJI_0020,20230313_SE_Lek1_P2D4_DJI_0940
86,853.0,Set 3,20230313_SE_Lek1_P1D2_DJI_0020,20230313_SE_Lek1_P2D4_DJI_0940
87,132.0,Set 3,20230313_SE_Lek1_P1D2_DJI_0020,20230313_SE_Lek1_P2D4_DJI_0940
88,61.0,Set 3,20230313_SE_Lek1_P1D2_DJI_0020,20230313_SE_Lek1_P2D4_DJI_0940
89,116.0,Set 3,20230313_SE_Lek1_P1D2_DJI_0020,20230313_SE_Lek1_P2D4_DJI_0940
90,161.0,Set 3,20230313_SE_Lek1_P1D2_DJI_0020,20230313_SE_Lek1_P2D4_DJI_0940
91,1525.0,Set 3,20230313_SE_Lek1_P1D2_DJI_0020,20230313_SE_Lek1_P2D4_DJI_0940
92,272.0,Set 3,20230313_SE_Lek1_P1D2_DJI_0020,20230313_SE_Lek1_P2D4_DJI_0940
93,516.0,Set 3,20230313_SE_Lek1_P1D2_DJI_0020,20230313_SE_Lek1_P2D4_DJI_0940
94,232.0,Set 3,20230313_SE_Lek1_P1D2_DJI_0020,20230313_SE_Lek1_P2D4_DJI_0940
95,1592.0,Set 3,20230313_SE_Lek1_P1D2_DJI_0020,20230313_SE_Lek1_P2D4_DJI_0940
96,556.0,Set 3,20230313_SE_Lek1_P1D2_DJI_0020,20230313_SE_Lek1_P2D4_DJI_0940
97,626.0,Set 3,20230313_SE_Lek1_P1D2_DJI_0020,20230313_SE_Lek1_P2D4_DJI_0940
98,406.0,Set 3,20230313_SE_Lek1_P1D2_DJI_0020,20230313_SE_Lek1_P2D4_DJI_0940
99,401.0,Set 3,20230313_SE_Lek1_P1D2_DJI_0020,20230313_SE_Lek1_P2D4_DJI_0940
100,145.0,Set 3,20230313_SE_Lek1_P1D2_DJI_0020,20230313_SE_Lek1_P2D4_DJI_0940
101,404.0,Set 3,20230313_SE_Lek1_P1D2_DJI_0020,20230313_SE_Lek1_P2D4_DJI_0940
102,231.0,Set 3,20230313_SE_Lek1_P1D2_DJI_0020,20230313_SE_Lek1_P2D4_DJI_0940
103,25.0,Set 3,20230313_SE_Lek1_P1D2_DJI_0020,20230313_SE_Lek1_P2D4_DJI_0940
104,775.0,Set 3,20230313_SE_Lek1_P1D2_DJI_0020,20230313_SE_Lek1_P2D4_DJI_0940
105,243.0,Set 3,20230313_SE_Lek1_P1D2_DJI_0020,20230313_SE_Lek1_P2D4_DJI_0940
106,76.0,Set 3,20230313_SE_Lek1_P1D2_DJI_0020,20230313_SE_Lek1_P2D4_DJI_0940
107,1699.0,Set 3,20230313_SE_Lek1_P1D2_DJI_0020,20230313_SE_Lek1_P2D4_DJI_0940
108,178.0,Set 3,20230313_SE_Lek1_P1D2_DJI_0020,20230313_SE_Lek1_P2D4_DJI_0940
0,426.0,Set 3,20230313_SE_Lek1_P2D4_DJI_0940,20230313_SE_Lek1_P3D6_DJI_0923
1,593.0,Set 3,20230313_SE_Lek1_P2D4_DJI_0940,20230313_SE_Lek1_P3D6_DJI_0923
2,1070.0,Set 3,20230313_SE_Lek1_P2D4_DJI_0940,20230313_SE_Lek1_P3D6_DJI_0923
3,524.0,Set 3,20230313_SE_Lek1_P2D4_DJI_0940,20230313_SE_Lek1_P3D6_DJI_0923
4,48.0,Set 3,20230313_SE_Lek1_P2D4_DJI_0940,20230313_SE_Lek1_P3D6_DJI_0923
5,213.0,Set 3,20230313_SE_Lek1_P2D4_DJI_0940,20230313_SE_Lek1_P3D6_DJI_0923
6,953.0,Set 3,20230313_SE_Lek1_P2D4_DJI_0940,20230313_SE_Lek1_P3D6_DJI_0923
7,57.0,Set 3,20230313_SE_Lek1_P2D4_DJI_0940,20230313_SE_Lek1_P3D6_DJI_0923
8,112.0,Set 3,20230313_SE_Lek1_P2D4_DJI_0940,20230313_SE_Lek1_P3D6_DJI_0923
9,220.0,Set 3,20230313_SE_Lek1_P2D4_DJI_0940,20230313_SE_Lek1_P3D6_DJI_0923
10,367.0,Set 3,20230313_SE_Lek1_P2D4_DJI_0940,20230313_SE_Lek1_P3D6_DJI_0923
11,2556.0,Set 3,20230313_SE_Lek1_P2D4_DJI_0940,20230313_SE_Lek1_P3D6_DJI_0923
12,298.0,Set 3,20230313_SE_Lek1_P2D4_DJI_0940,20230313_SE_Lek1_P3D6_DJI_0923
13,180.0,Set 3,20230313_SE_Lek1_P2D4_DJI_0940,20230313_SE_Lek1_P3D6_DJI_0923
14,63.0,Set 3,20230313_SE_Lek1_P2D4_DJI_0940,20230313_SE_Lek1_P3D6_DJI_0923
15,139.0,Set 3,20230313_SE_Lek1_P2D4_DJI_0940,20230313_SE_Lek1_P3D6_DJI_0923
16,65.0,Set 3,20230313_SE_Lek1_P2D4_DJI_0940,20230313_SE_Lek1_P3D6_DJI_0923
17,1143.0,Set 3,20230313_SE_Lek1_P2D4_DJI_0940,20230313_SE_Lek1_P3D6_DJI_0923
18,7.0,Set 3,20230313_SE_Lek1_P2D4_DJI_0940,20230313_SE_Lek1_P3D6_DJI_0923
19,160.0,Set 3,20230313_SE_Lek1_P2D4_DJI_0940,20230313_SE_Lek1_P3D6_DJI_0923
20,495.0,Set 3,20230313_SE_Lek1_P2D4_DJI_0940,20230313_SE_Lek1_P3D6_DJI_0923
21,99.0,Set 3,20230313_SE_Lek1_P2D4_DJI_0940,20230313_SE_Lek1_P3D6_DJI_0923
22,174.0,Set 3,20230313_SE_Lek1_P2D4_DJI_0940,20230313_SE_Lek1_P3D6_DJI_0923
23,100.0,Set 3,20230313_SE_Lek1_P2D4_DJI_0940,20230313_SE_Lek1_P3D6_DJI_0923
24,1955.0,Set 3,20230313_SE_Lek1_P2D4_DJI_0940,20230313_SE_Lek1_P3D6_DJI_0923
25,80.0,Set 3,20230313_SE_Lek1_P2D4_DJI_0940,20230313_SE_Lek1_P3D6_DJI_0923
26,112.0,Set 3,20230313_SE_Lek1_P2D4_DJI_0940,20230313_SE_Lek1_P3D6_DJI_0923
27,514.0,Set 3,20230313_SE_Lek1_P2D4_DJI_0940,20230313_SE_Lek1_P3D6_DJI_0923
28,727.0,Set 3,20230313_SE_Lek1_P2D4_DJI_0940,20230313_SE_Lek1_P3D6_DJI_0923
29,249.0,Set 3,20230313_SE_Lek1_P2D4_DJI_0940,20230313_SE_Lek1_P3D6_DJI_0923
30,147.0,Set 3,20230313_SE_Lek1_P2D4_DJI_0940,20230313_SE_Lek1_P3D6_DJI_0923
31,15.0,Set 3,20230313_SE_Lek1_P2D4_DJI_0940,20230313_SE_Lek1_P3D6_DJI_0923
32,77.0,Set 3,20230313_SE_Lek1_P2D4_DJI_0940,20230313_SE_Lek1_P3D6_DJI_0923
33,421.0,Set 3,20230313_SE_Lek1_P2D4_DJI_0940,20230313_SE_Lek1_P3D6_DJI_0923
34,113.0,Set 3,20230313_SE_Lek1_P2D4_DJI_0940,20230313_SE_Lek1_P3D6_DJI_0923
35,545.0,Set 3,20230313_SE_Lek1_P2D4_DJI_0940,20230313_SE_Lek1_P3D6_DJI_0923
36,48.0,Set 3,20230313_SE_Lek1_P2D4_DJI_0940,20230313_SE_Lek1_P3D6_DJI_0923
37,1141.0,Set 3,20230313_SE_Lek1_P2D4_DJI_0940,20230313_SE_Lek1_P3D6_DJI_0923
38,1103.0,Set 3,20230313_SE_Lek1_P2D4_DJI_0940,20230313_SE_Lek1_P3D6_DJI_0923
39,868.0,Set 3,20230313_SE_Lek1_P2D4_DJI_0940,20230313_SE_Lek1_P3D6_DJI_0923
40,534.0,Set 3,20230313_SE_Lek1_P2D4_DJI_0940,20230313_SE_Lek1_P3D6_DJI_0923
41,292.0,Set 3,20230313_SE_Lek1_P2D4_DJI_0940,20230313_SE_Lek1_P3D6_DJI_0923
42,345.0,Set 3,20230313_SE_Lek1_P2D4_DJI_0940,20230313_SE_Lek1_P3D6_DJI_0923
43,232.0,Set 3,20230313_SE_Lek1_P2D4_DJI_0940,20230313_SE_Lek1_P3D6_DJI_0923
44,1095.0,Set 3,20230313_SE_Lek1_P2D4_DJI_0940,20230313_SE_Lek1_P3D6_DJI_0923
45,1598.0,Set 3,20230313_SE_Lek1_P2D4_DJI_0940,20230313_SE_Lek1_P3D6_DJI_0923
46,103.0,Set 3,20230313_SE_Lek1_P2D4_DJI_0940,20230313_SE_Lek1_P3D6_DJI_0923
47,1150.0,Set 3,20230313_SE_Lek1_P2D4_DJI_0940,20230313_SE_Lek1_P3D6_DJI_0923
48,1867.0,Set 3,20230313_SE_Lek1_P2D4_DJI_0940,20230313_SE_Lek1_P3D6_DJI_0923
49,4542.0,Set 3,20230313_SE_Lek1_P2D4_DJI_0940,20230313_SE_Lek1_P3D6_DJI_0923
50,178.0,Set 3,20230313_SE_Lek1_P2D4_DJI_0940,20230313_SE_Lek1_P3D6_DJI_0923
51,119.0,Set 3,20230313_SE_Lek1_P2D4_DJI_0940,20230313_SE_Lek1_P3D6_DJI_0923
52,204.0,Set 3,20230313_SE_Lek1_P2D4_DJI_0940,20230313_SE_Lek1_P3D6_DJI_0923
53,316.0,Set 3,20230313_SE_Lek1_P2D4_DJI_0940,20230313_SE_Lek1_P3D6_DJI_0923
54,2026.0,Set 3,20230313_SE_Lek1_P2D4_DJI_0940,20230313_SE_Lek1_P3D6_DJI_0923
55,87.0,Set 3,20230313_SE_Lek1_P2D4_DJI_0940,20230313_SE_Lek1_P3D6_DJI_0923
56,672.0,Set 3,20230313_SE_Lek1_P2D4_DJI_0940,20230313_SE_Lek1_P3D6_DJI_0923
57,605.0,Set 3,20230313_SE_Lek1_P2D4_DJI_0940,20230313_SE_Lek1_P3D6_DJI_0923
58,224.0,Set 3,20230313_SE_Lek1_P2D4_DJI_0940,20230313_SE_Lek1_P3D6_DJI_0923
59,3530.0,Set 3,20230313_SE_Lek1_P2D4_DJI_0940,20230313_SE_Lek1_P3D6_DJI_0923
60,156.0,Set 3,20230313_SE_Lek1_P2D4_DJI_0940,20230313_SE_Lek1_P3D6_DJI_0923
61,280.0,Set 3,20230313_SE_Lek1_P2D4_DJI_0940,20230313_SE_Lek1_P3D6_DJI_0923
62,1290.0,Set 3,20230313_SE_Lek1_P2D4_DJI_0940,20230313_SE_Lek1_P3D6_DJI_0923
63,132.0,Set 3,20230313_SE_Lek1_P2D4_DJI_0940,20230313_SE_Lek1_P3D6_DJI_0923
64,349.0,Set 3,20230313_SE_Lek1_P2D4_DJI_0940,20230313_SE_Lek1_P3D6_DJI_0923
0,27.0,Set 4,20230315_SM_Lek1_P1D2_DJI_0079,20230315_SM_Lek1_P2D4_DJI_0001
1,142.0,Set 4,20230315_SM_Lek1_P1D2_DJI_0079,20230315_SM_Lek1_P2D4_DJI_0001
2,175.0,Set 4,20230315_SM_Lek1_P1D2_DJI_0079,20230315_SM_Lek1_P2D4_DJI_0001
3,397.0,Set 4,20230315_SM_Lek1_P1D2_DJI_0079,20230315_SM_Lek1_P2D4_DJI_0001
4,344.0,Set 4,20230315_SM_Lek1_P1D2_DJI_0079,20230315_SM_Lek1_P2D4_DJI_0001
5,4726.0,Set 4,20230315_SM_Lek1_P1D2_DJI_0079,20230315_SM_Lek1_P2D4_DJI_0001
6,1162.0,Set 4,20230315_SM_Lek1_P1D2_DJI_0079,20230315_SM_Lek1_P2D4_DJI_0001
7,20.0,Set 4,20230315_SM_Lek1_P1D2_DJI_0079,20230315_SM_Lek1_P2D4_DJI_0001
8,3135.0,Set 4,20230315_SM_Lek1_P1D2_DJI_0079,20230315_SM_Lek1_P2D4_DJI_0001
9,27.0,Set 4,20230315_SM_Lek1_P1D2_DJI_0079,20230315_SM_Lek1_P2D4_DJI_0001
10,787.0,Set 4,20230315_SM_Lek1_P1D2_DJI_0079,20230315_SM_Lek1_P2D4_DJI_0001
11,672.0,Set 4,20230315_SM_Lek1_P1D2_DJI_0079,20230315_SM_Lek1_P2D4_DJI_0001
12,357.0,Set 4,20230315_SM_Lek1_P1D2_DJI_0079,20230315_SM_Lek1_P2D4_DJI_0001
13,4297.0,Set 4,20230315_SM_Lek1_P1D2_DJI_0079,20230315_SM_Lek1_P2D4_DJI_0001
14,238.0,Set 4,20230315_SM_Lek1_P1D2_DJI_0079,20230315_SM_Lek1_P2D4_DJI_0001
15,164.0,Set 4,20230315_SM_Lek1_P1D2_DJI_0079,20230315_SM_Lek1_P2D4_DJI_0001
16,323.0,Set 4,20230315_SM_Lek1_P1D2_DJI_0079,20230315_SM_Lek1_P2D4_DJI_0001
17,121.0,Set 4,20230315_SM_Lek1_P1D2_DJI_0079,20230315_SM_Lek1_P2D4_DJI_0001
18,192.0,Set 4,20230315_SM_Lek1_P1D2_DJI_0079,20230315_SM_Lek1_P2D4_DJI_0001
19,789.0,Set 4,20230315_SM_Lek1_P1D2_DJI_0079,20230315_SM_Lek1_P2D4_DJI_0001
20,27.0,Set 4,20230315_SM_Lek1_P1D2_DJI_0079,20230315_SM_Lek1_P2D4_DJI_0001
21,679.0,Set 4,20230315_SM_Lek1_P1D2_DJI_0079,20230315_SM_Lek1_P2D4_DJI_0001
22,32.0,Set 4,20230315_SM_Lek1_P1D2_DJI_0079,20230315_SM_Lek1_P2D4_DJI_0001
23,415.0,Set 4,20230315_SM_Lek1_P1D2_DJI_0079,20230315_SM_Lek1_P2D4_DJI_0001
24,270.0,Set 4,20230315_SM_Lek1_P1D2_DJI_0079,20230315_SM_Lek1_P2D4_DJI_0001
25,268.0,Set 4,20230315_SM_Lek1_P1D2_DJI_0079,20230315_SM_Lek1_P2D4_DJI_0001
26,221.0,Set 4,20230315_SM_Lek1_P1D2_DJI_0079,20230315_SM_Lek1_P2D4_DJI_0001
27,783.0,Set 4,20230315_SM_Lek1_P1D2_DJI_0079,20230315_SM_Lek1_P2D4_DJI_0001
28,451.0,Set 4,20230315_SM_Lek1_P1D2_DJI_0079,20230315_SM_Lek1_P2D4_DJI_0001
29,2130.0,Set 4,20230315_SM_Lek1_P1D2_DJI_0079,20230315_SM_Lek1_P2D4_DJI_0001
30,1509.0,Set 4,20230315_SM_Lek1_P1D2_DJI_0079,20230315_SM_Lek1_P2D4_DJI_0001
31,787.0,Set 4,20230315_SM_Lek1_P1D2_DJI_0079,20230315_SM_Lek1_P2D4_DJI_0001
32,341.0,Set 4,20230315_SM_Lek1_P1D2_DJI_0079,20230315_SM_Lek1_P2D4_DJI_0001
33,311.0,Set 4,20230315_SM_Lek1_P1D2_DJI_0079,20230315_SM_Lek1_P2D4_DJI_0001
34,574.0,Set 4,20230315_SM_Lek1_P1D2_DJI_0079,20230315_SM_Lek1_P2D4_DJI_0001
35,787.0,Set 4,20230315_SM_Lek1_P1D2_DJI_0079,20230315_SM_Lek1_P2D4_DJI_0001
36,119.0,Set 4,20230315_SM_Lek1_P1D2_DJI_0079,20230315_SM_Lek1_P2D4_DJI_0001
37,787.0,Set 4,20230315_SM_Lek1_P1D2_DJI_0079,20230315_SM_Lek1_P2D4_DJI_0001
38,4275.0,Set 4,20230315_SM_Lek1_P1D2_DJI_0079,20230315_SM_Lek1_P2D4_DJI_0001
39,4277.0,Set 4,20230315_SM_Lek1_P1D2_DJI_0079,20230315_SM_Lek1_P2D4_DJI_0001
40,119.0,Set 4,20230315_SM_Lek1_P1D2_DJI_0079,20230315_SM_Lek1_P2D4_DJI_0001
41,1270.0,Set 4,20230315_SM_Lek1_P1D2_DJI_0079,20230315_SM_Lek1_P2D4_DJI_0001
42,4334.0,Set 4,20230315_SM_Lek1_P1D2_DJI_0079,20230315_SM_Lek1_P2D4_DJI_0001
43,4209.0,Set 4,20230315_SM_Lek1_P1D2_DJI_0079,20230315_SM_Lek1_P2D4_DJI_0001
44,680.0,Set 4,20230315_SM_Lek1_P1D2_DJI_0079,20230315_SM_Lek1_P2D4_DJI_0001
45,83.0,Set 4,20230315_SM_Lek1_P1D2_DJI_0079,20230315_SM_Lek1_P2D4_DJI_0001
46,125.0,Set 4,20230315_SM_Lek1_P1D2_DJI_0079,20230315_SM_Lek1_P2D4_DJI_0001
47,787.0,Set 4,20230315_SM_Lek1_P1D2_DJI_0079,20230315_SM_Lek1_P2D4_DJI_0001
48,664.0,Set 4,20230315_SM_Lek1_P1D2_DJI_0079,20230315_SM_Lek1_P2D4_DJI_0001
49,3953.0,Set 4,20230315_SM_Lek1_P1D2_DJI_0079,20230315_SM_Lek1_P2D4_DJI_0001
50,488.0,Set 4,20230315_SM_Lek1_P1D2_DJI_0079,20230315_SM_Lek1_P2D4_DJI_0001
51,297.0,Set 4,20230315_SM_Lek1_P1D2_DJI_0079,20230315_SM_Lek1_P2D4_DJI_0001
52,67.0,Set 4,20230315_SM_Lek1_P1D2_DJI_0079,20230315_SM_Lek1_P2D4_DJI_0001
0,62.0,Set 4,20230315_SM_Lek1_P2D4_DJI_0001,20230315_SM_Lek1_P3D6_DJI_0987
1,437.0,Set 4,20230315_SM_Lek1_P2D4_DJI_0001,20230315_SM_Lek1_P3D6_DJI_0987
2,440.0,Set 4,20230315_SM_Lek1_P2D4_DJI_0001,20230315_SM_Lek1_P3D6_DJI_0987
3,382.0,Set 4,20230315_SM_Lek1_P2D4_DJI_0001,20230315_SM_Lek1_P3D6_DJI_0987
4,148.0,Set 4,20230315_SM_Lek1_P2D4_DJI_0001,20230315_SM_Lek1_P3D6_DJI_0987
5,207.0,Set 4,20230315_SM_Lek1_P2D4_DJI_0001,20230315_SM_Lek1_P3D6_DJI_0987
6,131.0,Set 4,20230315_SM_Lek1_P2D4_DJI_0001,20230315_SM_Lek1_P3D6_DJI_0987
7,1472.0,Set 4,20230315_SM_Lek1_P2D4_DJI_0001,20230315_SM_Lek1_P3D6_DJI_0987
8,476.0,Set 4,20230315_SM_Lek1_P2D4_DJI_0001,20230315_SM_Lek1_P3D6_DJI_0987
9,447.0,Set 4,20230315_SM_Lek1_P2D4_DJI_0001,20230315_SM_Lek1_P3D6_DJI_0987
10,3717.0,Set 4,20230315_SM_Lek1_P2D4_DJI_0001,20230315_SM_Lek1_P3D6_DJI_0987
11,214.0,Set 4,20230315_SM_Lek1_P2D4_DJI_0001,20230315_SM_Lek1_P3D6_DJI_0987
12,24.0,Set 4,20230315_SM_Lek1_P2D4_DJI_0001,20230315_SM_Lek1_P3D6_DJI_0987
13,117.0,Set 4,20230315_SM_Lek1_P2D4_DJI_0001,20230315_SM_Lek1_P3D6_DJI_0987
14,973.0,Set 4,20230315_SM_Lek1_P2D4_DJI_0001,20230315_SM_Lek1_P3D6_DJI_0987
15,217.0,Set 4,20230315_SM_Lek1_P2D4_DJI_0001,20230315_SM_Lek1_P3D6_DJI_0987
16,327.0,Set 4,20230315_SM_Lek1_P2D4_DJI_0001,20230315_SM_Lek1_P3D6_DJI_0987
17,28.0,Set 4,20230315_SM_Lek1_P2D4_DJI_0001,20230315_SM_Lek1_P3D6_DJI_0987
18,464.0,Set 4,20230315_SM_Lek1_P2D4_DJI_0001,20230315_SM_Lek1_P3D6_DJI_0987
19,539.0,Set 4,20230315_SM_Lek1_P2D4_DJI_0001,20230315_SM_Lek1_P3D6_DJI_0987
20,33.0,Set 4,20230315_SM_Lek1_P2D4_DJI_0001,20230315_SM_Lek1_P3D6_DJI_0987
21,138.0,Set 4,20230315_SM_Lek1_P2D4_DJI_0001,20230315_SM_Lek1_P3D6_DJI_0987
22,106.0,Set 4,20230315_SM_Lek1_P2D4_DJI_0001,20230315_SM_Lek1_P3D6_DJI_0987
23,94.0,Set 4,20230315_SM_Lek1_P2D4_DJI_0001,20230315_SM_Lek1_P3D6_DJI_0987
24,112.0,Set 4,20230315_SM_Lek1_P2D4_DJI_0001,20230315_SM_Lek1_P3D6_DJI_0987
25,5292.0,Set 4,20230315_SM_Lek1_P2D4_DJI_0001,20230315_SM_Lek1_P3D6_DJI_0987
26,198.0,Set 4,20230315_SM_Lek1_P2D4_DJI_0001,20230315_SM_Lek1_P3D6_DJI_0987
27,111.0,Set 4,20230315_SM_Lek1_P2D4_DJI_0001,20230315_SM_Lek1_P3D6_DJI_0987
28,811.0,Set 4,20230315_SM_Lek1_P2D4_DJI_0001,20230315_SM_Lek1_P3D6_DJI_0987
29,370.0,Set 4,20230315_SM_Lek1_P2D4_DJI_0001,20230315_SM_Lek1_P3D6_DJI_0987
30,20.0,Set 4,20230315_SM_Lek1_P2D4_DJI_0001,20230315_SM_Lek1_P3D6_DJI_0987
31,217.0,Set 4,20230315_SM_Lek1_P2D4_DJI_0001,20230315_SM_Lek1_P3D6_DJI_0987
32,93.0,Set 4,20230315_SM_Lek1_P2D4_DJI_0001,20230315_SM_Lek1_P3D6_DJI_0987
33,851.0,Set 4,20230315_SM_Lek1_P2D4_DJI_0001,20230315_SM_Lek1_P3D6_DJI_0987
34,137.0,Set 4,20230315_SM_Lek1_P2D4_DJI_0001,20230315_SM_Lek1_P3D6_DJI_0987
35,965.0,Set 4,20230315_SM_Lek1_P2D4_DJI_0001,20230315_SM_Lek1_P3D6_DJI_0987
36,843.0,Set 4,20230315_SM_Lek1_P2D4_DJI_0001,20230315_SM_Lek1_P3D6_DJI_0987
37,922.0,Set 4,20230315_SM_Lek1_P2D4_DJI_0001,20230315_SM_Lek1_P3D6_DJI_0987
38,138.0,Set 4,20230315_SM_Lek1_P2D4_DJI_0001,20230315_SM_Lek1_P3D6_DJI_0987
39,2407.0,Set 4,20230315_SM_Lek1_P2D4_DJI_0001,20230315_SM_Lek1_P3D6_DJI_0987
40,82.0,Set 4,20230315_SM_Lek1_P2D4_DJI_0001,20230315_SM_Lek1_P3D6_DJI_0987
41,1461.0,Set 4,20230315_SM_Lek1_P2D4_DJI_0001,20230315_SM_Lek1_P3D6_DJI_0987
42,105.0,Set 4,20230315_SM_Lek1_P2D4_DJI_0001,20230315_SM_Lek1_P3D6_DJI_0987
43,1230.0,Set 4,20230315_SM_Lek1_P2D4_DJI_0001,20230315_SM_Lek1_P3D6_DJI_0987
44,269.0,Set 4,20230315_SM_Lek1_P2D4_DJI_0001,20230315_SM_Lek1_P3D6_DJI_0987
45,194.0,Set 4,20230315_SM_Lek1_P2D4_DJI_0001,20230315_SM_Lek1_P3D6_DJI_0987
0,3398.0,Set 5,20230315_SM_Lek1_P1D2_DJI_0080,20230315_SM_Lek1_P2D4_DJI_0002
1,317.0,Set 5,20230315_SM_Lek1_P1D2_DJI_0080,20230315_SM_Lek1_P2D4_DJI_0002
2,567.0,Set 5,20230315_SM_Lek1_P1D2_DJI_0080,20230315_SM_Lek1_P2D4_DJI_0002
3,3850.0,Set 5,20230315_SM_Lek1_P1D2_DJI_0080,20230315_SM_Lek1_P2D4_DJI_0002
4,1737.0,Set 5,20230315_SM_Lek1_P1D2_DJI_0080,20230315_SM_Lek1_P2D4_DJI_0002
5,166.0,Set 5,20230315_SM_Lek1_P1D2_DJI_0080,20230315_SM_Lek1_P2D4_DJI_0002
6,169.0,Set 5,20230315_SM_Lek1_P1D2_DJI_0080,20230315_SM_Lek1_P2D4_DJI_0002
7,726.0,Set 5,20230315_SM_Lek1_P1D2_DJI_0080,20230315_SM_Lek1_P2D4_DJI_0002
8,1818.0,Set 5,20230315_SM_Lek1_P1D2_DJI_0080,20230315_SM_Lek1_P2D4_DJI_0002
9,51.0,Set 5,20230315_SM_Lek1_P1D2_DJI_0080,20230315_SM_Lek1_P2D4_DJI_0002
10,680.0,Set 5,20230315_SM_Lek1_P1D2_DJI_0080,20230315_SM_Lek1_P2D4_DJI_0002
11,443.0,Set 5,20230315_SM_Lek1_P1D2_DJI_0080,20230315_SM_Lek1_P2D4_DJI_0002
12,606.0,Set 5,20230315_SM_Lek1_P1D2_DJI_0080,20230315_SM_Lek1_P2D4_DJI_0002
13,4606.0,Set 5,20230315_SM_Lek1_P1D2_DJI_0080,20230315_SM_Lek1_P2D4_DJI_0002
14,245.0,Set 5,20230315_SM_Lek1_P1D2_DJI_0080,20230315_SM_Lek1_P2D4_DJI_0002
15,5136.0,Set 5,20230315_SM_Lek1_P1D2_DJI_0080,20230315_SM_Lek1_P2D4_DJI_0002
16,2776.0,Set 5,20230315_SM_Lek1_P1D2_DJI_0080,20230315_SM_Lek1_P2D4_DJI_0002
17,5066.0,Set 5,20230315_SM_Lek1_P1D2_DJI_0080,20230315_SM_Lek1_P2D4_DJI_0002
18,535.0,Set 5,20230315_SM_Lek1_P1D2_DJI_0080,20230315_SM_Lek1_P2D4_DJI_0002
19,276.0,Set 5,20230315_SM_Lek1_P1D2_DJI_0080,20230315_SM_Lek1_P2D4_DJI_0002
20,99.0,Set 5,20230315_SM_Lek1_P1D2_DJI_0080,20230315_SM_Lek1_P2D4_DJI_0002
21,328.0,Set 5,20230315_SM_Lek1_P1D2_DJI_0080,20230315_SM_Lek1_P2D4_DJI_0002
22,275.0,Set 5,20230315_SM_Lek1_P1D2_DJI_0080,20230315_SM_Lek1_P2D4_DJI_0002
23,186.0,Set 5,20230315_SM_Lek1_P1D2_DJI_0080,20230315_SM_Lek1_P2D4_DJI_0002
24,2126.0,Set 5,20230315_SM_Lek1_P1D2_DJI_0080,20230315_SM_Lek1_P2D4_DJI_0002
25,726.0,Set 5,20230315_SM_Lek1_P1D2_DJI_0080,20230315_SM_Lek1_P2D4_DJI_0002
26,225.0,Set 5,20230315_SM_Lek1_P1D2_DJI_0080,20230315_SM_Lek1_P2D4_DJI_0002
27,214.0,Set 5,20230315_SM_Lek1_P1D2_DJI_0080,20230315_SM_Lek1_P2D4_DJI_0002
28,165.0,Set 5,20230315_SM_Lek1_P1D2_DJI_0080,20230315_SM_Lek1_P2D4_DJI_0002
29,737.0,Set 5,20230315_SM_Lek1_P1D2_DJI_0080,20230315_SM_Lek1_P2D4_DJI_0002
30,7.0,Set 5,20230315_SM_Lek1_P1D2_DJI_0080,20230315_SM_Lek1_P2D4_DJI_0002
31,170.0,Set 5,20230315_SM_Lek1_P1D2_DJI_0080,20230315_SM_Lek1_P2D4_DJI_0002
32,68.0,Set 5,20230315_SM_Lek1_P1D2_DJI_0080,20230315_SM_Lek1_P2D4_DJI_0002
33,26.0,Set 5,20230315_SM_Lek1_P1D2_DJI_0080,20230315_SM_Lek1_P2D4_DJI_0002
34,608.0,Set 5,20230315_SM_Lek1_P1D2_DJI_0080,20230315_SM_Lek1_P2D4_DJI_0002
35,1551.0,Set 5,20230315_SM_Lek1_P1D2_DJI_0080,20230315_SM_Lek1_P2D4_DJI_0002
36,20.0,Set 5,20230315_SM_Lek1_P1D2_DJI_0080,20230315_SM_Lek1_P2D4_DJI_0002
37,83.0,Set 5,20230315_SM_Lek1_P1D2_DJI_0080,20230315_SM_Lek1_P2D4_DJI_0002
38,1266.0,Set 5,20230315_SM_Lek1_P1D2_DJI_0080,20230315_SM_Lek1_P2D4_DJI_0002
39,356.0,Set 5,20230315_SM_Lek1_P1D2_DJI_0080,20230315_SM_Lek1_P2D4_DJI_0002
40,4203.0,Set 5,20230315_SM_Lek1_P1D2_DJI_0080,20230315_SM_Lek1_P2D4_DJI_0002
41,805.0,Set 5,20230315_SM_Lek1_P1D2_DJI_0080,20230315_SM_Lek1_P2D4_DJI_0002
42,421.0,Set 5,20230315_SM_Lek1_P1D2_DJI_0080,20230315_SM_Lek1_P2D4_DJI_0002
43,251.0,Set 5,20230315_SM_Lek1_P1D2_DJI_0080,20230315_SM_Lek1_P2D4_DJI_0002
44,443.0,Set 5,20230315_SM_Lek1_P1D2_DJI_0080,20230315_SM_Lek1_P2D4_DJI_0002
45,284.0,Set 5,20230315_SM_Lek1_P1D2_DJI_0080,20230315_SM_Lek1_P2D4_DJI_0002
46,66.0,Set 5,20230315_SM_Lek1_P1D2_DJI_0080,20230315_SM_Lek1_P2D4_DJI_0002
47,151.0,Set 5,20230315_SM_Lek1_P1D2_DJI_0080,20230315_SM_Lek1_P2D4_DJI_0002
48,299.0,Set 5,20230315_SM_Lek1_P1D2_DJI_0080,20230315_SM_Lek1_P2D4_DJI_0002
49,18.0,Set 5,20230315_SM_Lek1_P1D2_DJI_0080,20230315_SM_Lek1_P2D4_DJI_0002
50,5136.0,Set 5,20230315_SM_Lek1_P1D2_DJI_0080,20230315_SM_Lek1_P2D4_DJI_0002
51,120.0,Set 5,20230315_SM_Lek1_P1D2_DJI_0080,20230315_SM_Lek1_P2D4_DJI_0002
52,545.0,Set 5,20230315_SM_Lek1_P1D2_DJI_0080,20230315_SM_Lek1_P2D4_DJI_0002
0,167.0,Set 5,20230315_SM_Lek1_P2D4_DJI_0002,20230315_SM_Lek1_P3D6_DJI_0988
1,130.0,Set 5,20230315_SM_Lek1_P2D4_DJI_0002,20230315_SM_Lek1_P3D6_DJI_0988
2,784.0,Set 5,20230315_SM_Lek1_P2D4_DJI_0002,20230315_SM_Lek1_P3D6_DJI_0988
3,64.0,Set 5,20230315_SM_Lek1_P2D4_DJI_0002,20230315_SM_Lek1_P3D6_DJI_0988
4,738.0,Set 5,20230315_SM_Lek1_P2D4_DJI_0002,20230315_SM_Lek1_P3D6_DJI_0988
5,120.0,Set 5,20230315_SM_Lek1_P2D4_DJI_0002,20230315_SM_Lek1_P3D6_DJI_0988
6,189.0,Set 5,20230315_SM_Lek1_P2D4_DJI_0002,20230315_SM_Lek1_P3D6_DJI_0988
7,1016.0,Set 5,20230315_SM_Lek1_P2D4_DJI_0002,20230315_SM_Lek1_P3D6_DJI_0988
8,705.0,Set 5,20230315_SM_Lek1_P2D4_DJI_0002,20230315_SM_Lek1_P3D6_DJI_0988
9,3183.0,Set 5,20230315_SM_Lek1_P2D4_DJI_0002,20230315_SM_Lek1_P3D6_DJI_0988
10,63.0,Set 5,20230315_SM_Lek1_P2D4_DJI_0002,20230315_SM_Lek1_P3D6_DJI_0988
11,90.0,Set 5,20230315_SM_Lek1_P2D4_DJI_0002,20230315_SM_Lek1_P3D6_DJI_0988
12,190.0,Set 5,20230315_SM_Lek1_P2D4_DJI_0002,20230315_SM_Lek1_P3D6_DJI_0988
13,283.0,Set 5,20230315_SM_Lek1_P2D4_DJI_0002,20230315_SM_Lek1_P3D6_DJI_0988
14,82.0,Set 5,20230315_SM_Lek1_P2D4_DJI_0002,20230315_SM_Lek1_P3D6_DJI_0988
15,655.0,Set 5,20230315_SM_Lek1_P2D4_DJI_0002,20230315_SM_Lek1_P3D6_DJI_0988
16,,Set 5,20230315_SM_Lek1_P2D4_DJI_0002,20230315_SM_Lek1_P3D6_DJI_0988
17,115.0,Set 5,20230315_SM_Lek1_P2D4_DJI_0002,20230315_SM_Lek1_P3D6_DJI_0988
18,782.0,Set 5,20230315_SM_Lek1_P2D4_DJI_0002,20230315_SM_Lek1_P3D6_DJI_0988
19,2570.0,Set 5,20230315_SM_Lek1_P2D4_DJI_0002,20230315_SM_Lek1_P3D6_DJI_0988
20,63.0,Set 5,20230315_SM_Lek1_P2D4_DJI_0002,20230315_SM_Lek1_P3D6_DJI_0988
21,541.0,Set 5,20230315_SM_Lek1_P2D4_DJI_0002,20230315_SM_Lek1_P3D6_DJI_0988
22,230.0,Set 5,20230315_SM_Lek1_P2D4_DJI_0002,20230315_SM_Lek1_P3D6_DJI_0988
23,4053.0,Set 5,20230315_SM_Lek1_P2D4_DJI_0002,20230315_SM_Lek1_P3D6_DJI_0988
24,595.0,Set 5,20230315_SM_Lek1_P2D4_DJI_0002,20230315_SM_Lek1_P3D6_DJI_0988
25,357.0,Set 5,20230315_SM_Lek1_P2D4_DJI_0002,20230315_SM_Lek1_P3D6_DJI_0988
26,332.0,Set 5,20230315_SM_Lek1_P2D4_DJI_0002,20230315_SM_Lek1_P3D6_DJI_0988
27,168.0,Set 5,20230315_SM_Lek1_P2D4_DJI_0002,20230315_SM_Lek1_P3D6_DJI_0988
28,161.0,Set 5,20230315_SM_Lek1_P2D4_DJI_0002,20230315_SM_Lek1_P3D6_DJI_0988
29,522.0,Set 5,20230315_SM_Lek1_P2D4_DJI_0002,20230315_SM_Lek1_P3D6_DJI_0988
30,,Set 5,20230315_SM_Lek1_P2D4_DJI_0002,20230315_SM_Lek1_P3D6_DJI_0988
31,289.0,Set 5,20230315_SM_Lek1_P2D4_DJI_0002,20230315_SM_Lek1_P3D6_DJI_0988
32,163.0,Set 5,20230315_SM_Lek1_P2D4_DJI_0002,20230315_SM_Lek1_P3D6_DJI_0988
33,457.0,Set 5,20230315_SM_Lek1_P2D4_DJI_0002,20230315_SM_Lek1_P3D6_DJI_0988
34,459.0,Set 5,20230315_SM_Lek1_P2D4_DJI_0002,20230315_SM_Lek1_P3D6_DJI_0988
35,1243.0,Set 5,20230315_SM_Lek1_P2D4_DJI_0002,20230315_SM_Lek1_P3D6_DJI_0988
36,394.0,Set 5,20230315_SM_Lek1_P2D4_DJI_0002,20230315_SM_Lek1_P3D6_DJI_0988
37,290.0,Set 5,20230315_SM_Lek1_P2D4_DJI_0002,20230315_SM_Lek1_P3D6_DJI_0988
38,5306.0,Set 5,20230315_SM_Lek1_P2D4_DJI_0002,20230315_SM_Lek1_P3D6_DJI_0988
39,74.0,Set 5,20230315_SM_Lek1_P2D4_DJI_0002,20230315_SM_Lek1_P3D6_DJI_0988
0,26.0,Set 6,20230315_SM_Lek1_P1D2_DJI_0081,20230315_SM_Lek1_P2D4_DJI_0003
1,448.0,Set 6,20230315_SM_Lek1_P1D2_DJI_0081,20230315_SM_Lek1_P2D4_DJI_0003
2,5137.0,Set 6,20230315_SM_Lek1_P1D2_DJI_0081,20230315_SM_Lek1_P2D4_DJI_0003
3,375.0,Set 6,20230315_SM_Lek1_P1D2_DJI_0081,20230315_SM_Lek1_P2D4_DJI_0003
4,335.0,Set 6,20230315_SM_Lek1_P1D2_DJI_0081,20230315_SM_Lek1_P2D4_DJI_0003
5,137.0,Set 6,20230315_SM_Lek1_P1D2_DJI_0081,20230315_SM_Lek1_P2D4_DJI_0003
6,245.0,Set 6,20230315_SM_Lek1_P1D2_DJI_0081,20230315_SM_Lek1_P2D4_DJI_0003
7,78.0,Set 6,20230315_SM_Lek1_P1D2_DJI_0081,20230315_SM_Lek1_P2D4_DJI_0003
8,1704.0,Set 6,20230315_SM_Lek1_P1D2_DJI_0081,20230315_SM_Lek1_P2D4_DJI_0003
9,134.0,Set 6,20230315_SM_Lek1_P1D2_DJI_0081,20230315_SM_Lek1_P2D4_DJI_0003
10,29.0,Set 6,20230315_SM_Lek1_P1D2_DJI_0081,20230315_SM_Lek1_P2D4_DJI_0003
11,352.0,Set 6,20230315_SM_Lek1_P1D2_DJI_0081,20230315_SM_Lek1_P2D4_DJI_0003
12,181.0,Set 6,20230315_SM_Lek1_P1D2_DJI_0081,20230315_SM_Lek1_P2D4_DJI_0003
13,41.0,Set 6,20230315_SM_Lek1_P1D2_DJI_0081,20230315_SM_Lek1_P2D4_DJI_0003
14,3216.0,Set 6,20230315_SM_Lek1_P1D2_DJI_0081,20230315_SM_Lek1_P2D4_DJI_0003
15,79.0,Set 6,20230315_SM_Lek1_P1D2_DJI_0081,20230315_SM_Lek1_P2D4_DJI_0003
16,2.0,Set 6,20230315_SM_Lek1_P1D2_DJI_0081,20230315_SM_Lek1_P2D4_DJI_0003
17,5137.0,Set 6,20230315_SM_Lek1_P1D2_DJI_0081,20230315_SM_Lek1_P2D4_DJI_0003
18,168.0,Set 6,20230315_SM_Lek1_P1D2_DJI_0081,20230315_SM_Lek1_P2D4_DJI_0003
19,222.0,Set 6,20230315_SM_Lek1_P1D2_DJI_0081,20230315_SM_Lek1_P2D4_DJI_0003
20,1740.0,Set 6,20230315_SM_Lek1_P1D2_DJI_0081,20230315_SM_Lek1_P2D4_DJI_0003
21,240.0,Set 6,20230315_SM_Lek1_P1D2_DJI_0081,20230315_SM_Lek1_P2D4_DJI_0003
22,632.0,Set 6,20230315_SM_Lek1_P1D2_DJI_0081,20230315_SM_Lek1_P2D4_DJI_0003
23,117.0,Set 6,20230315_SM_Lek1_P1D2_DJI_0081,20230315_SM_Lek1_P2D4_DJI_0003
24,5137.0,Set 6,20230315_SM_Lek1_P1D2_DJI_0081,20230315_SM_Lek1_P2D4_DJI_0003
25,1871.0,Set 6,20230315_SM_Lek1_P1D2_DJI_0081,20230315_SM_Lek1_P2D4_DJI_0003
26,446.0,Set 6,20230315_SM_Lek1_P1D2_DJI_0081,20230315_SM_Lek1_P2D4_DJI_0003
27,3025.0,Set 6,20230315_SM_Lek1_P1D2_DJI_0081,20230315_SM_Lek1_P2D4_DJI_0003
28,827.0,Set 6,20230315_SM_Lek1_P1D2_DJI_0081,20230315_SM_Lek1_P2D4_DJI_0003
29,44.0,Set 6,20230315_SM_Lek1_P1D2_DJI_0081,20230315_SM_Lek1_P2D4_DJI_0003
30,836.0,Set 6,20230315_SM_Lek1_P1D2_DJI_0081,20230315_SM_Lek1_P2D4_DJI_0003
31,742.0,Set 6,20230315_SM_Lek1_P1D2_DJI_0081,20230315_SM_Lek1_P2D4_DJI_0003
32,93.0,Set 6,20230315_SM_Lek1_P1D2_DJI_0081,20230315_SM_Lek1_P2D4_DJI_0003
33,55.0,Set 6,20230315_SM_Lek1_P1D2_DJI_0081,20230315_SM_Lek1_P2D4_DJI_0003
34,2085.0,Set 6,20230315_SM_Lek1_P1D2_DJI_0081,20230315_SM_Lek1_P2D4_DJI_0003
35,2364.0,Set 6,20230315_SM_Lek1_P1D2_DJI_0081,20230315_SM_Lek1_P2D4_DJI_0003
36,338.0,Set 6,20230315_SM_Lek1_P1D2_DJI_0081,20230315_SM_Lek1_P2D4_DJI_0003
37,520.0,Set 6,20230315_SM_Lek1_P1D2_DJI_0081,20230315_SM_Lek1_P2D4_DJI_0003
38,596.0,Set 6,20230315_SM_Lek1_P1D2_DJI_0081,20230315_SM_Lek1_P2D4_DJI_0003
39,88.0,Set 6,20230315_SM_Lek1_P1D2_DJI_0081,20230315_SM_Lek1_P2D4_DJI_0003
40,1919.0,Set 6,20230315_SM_Lek1_P1D2_DJI_0081,20230315_SM_Lek1_P2D4_DJI_0003
41,531.0,Set 6,20230315_SM_Lek1_P1D2_DJI_0081,20230315_SM_Lek1_P2D4_DJI_0003
42,923.0,Set 6,20230315_SM_Lek1_P1D2_DJI_0081,20230315_SM_Lek1_P2D4_DJI_0003
43,113.0,Set 6,20230315_SM_Lek1_P1D2_DJI_0081,20230315_SM_Lek1_P2D4_DJI_0003
44,250.0,Set 6,20230315_SM_Lek1_P1D2_DJI_0081,20230315_SM_Lek1_P2D4_DJI_0003
45,86.0,Set 6,20230315_SM_Lek1_P1D2_DJI_0081,20230315_SM_Lek1_P2D4_DJI_0003
46,49.0,Set 6,20230315_SM_Lek1_P1D2_DJI_0081,20230315_SM_Lek1_P2D4_DJI_0003
47,1039.0,Set 6,20230315_SM_Lek1_P1D2_DJI_0081,20230315_SM_Lek1_P2D4_DJI_0003
48,710.0,Set 6,20230315_SM_Lek1_P1D2_DJI_0081,20230315_SM_Lek1_P2D4_DJI_0003
49,2013.0,Set 6,20230315_SM_Lek1_P1D2_DJI_0081,20230315_SM_Lek1_P2D4_DJI_0003
50,2468.0,Set 6,20230315_SM_Lek1_P1D2_DJI_0081,20230315_SM_Lek1_P2D4_DJI_0003
51,463.0,Set 6,20230315_SM_Lek1_P1D2_DJI_0081,20230315_SM_Lek1_P2D4_DJI_0003
52,590.0,Set 6,20230315_SM_Lek1_P1D2_DJI_0081,20230315_SM_Lek1_P2D4_DJI_0003
53,460.0,Set 6,20230315_SM_Lek1_P1D2_DJI_0081,20230315_SM_Lek1_P2D4_DJI_0003
54,995.0,Set 6,20230315_SM_Lek1_P1D2_DJI_0081,20230315_SM_Lek1_P2D4_DJI_0003
55,125.0,Set 6,20230315_SM_Lek1_P1D2_DJI_0081,20230315_SM_Lek1_P2D4_DJI_0003
56,2054.0,Set 6,20230315_SM_Lek1_P1D2_DJI_0081,20230315_SM_Lek1_P2D4_DJI_0003
57,328.0,Set 6,20230315_SM_Lek1_P1D2_DJI_0081,20230315_SM_Lek1_P2D4_DJI_0003
58,416.0,Set 6,20230315_SM_Lek1_P1D2_DJI_0081,20230315_SM_Lek1_P2D4_DJI_0003
59,1583.0,Set 6,20230315_SM_Lek1_P1D2_DJI_0081,20230315_SM_Lek1_P2D4_DJI_0003
60,1563.0,Set 6,20230315_SM_Lek1_P1D2_DJI_0081,20230315_SM_Lek1_P2D4_DJI_0003
61,343.0,Set 6,20230315_SM_Lek1_P1D2_DJI_0081,20230315_SM_Lek1_P2D4_DJI_0003
62,138.0,Set 6,20230315_SM_Lek1_P1D2_DJI_0081,20230315_SM_Lek1_P2D4_DJI_0003
63,272.0,Set 6,20230315_SM_Lek1_P1D2_DJI_0081,20230315_SM_Lek1_P2D4_DJI_0003
64,547.0,Set 6,20230315_SM_Lek1_P1D2_DJI_0081,20230315_SM_Lek1_P2D4_DJI_0003
65,227.0,Set 6,20230315_SM_Lek1_P1D2_DJI_0081,20230315_SM_Lek1_P2D4_DJI_0003
66,406.0,Set 6,20230315_SM_Lek1_P1D2_DJI_0081,20230315_SM_Lek1_P2D4_DJI_0003
67,167.0,Set 6,20230315_SM_Lek1_P1D2_DJI_0081,20230315_SM_Lek1_P2D4_DJI_0003
68,473.0,Set 6,20230315_SM_Lek1_P1D2_DJI_0081,20230315_SM_Lek1_P2D4_DJI_0003
69,1231.0,Set 6,20230315_SM_Lek1_P1D2_DJI_0081,20230315_SM_Lek1_P2D4_DJI_0003
70,565.0,Set 6,20230315_SM_Lek1_P1D2_DJI_0081,20230315_SM_Lek1_P2D4_DJI_0003
71,333.0,Set 6,20230315_SM_Lek1_P1D2_DJI_0081,20230315_SM_Lek1_P2D4_DJI_0003
72,127.0,Set 6,20230315_SM_Lek1_P1D2_DJI_0081,20230315_SM_Lek1_P2D4_DJI_0003
73,169.0,Set 6,20230315_SM_Lek1_P1D2_DJI_0081,20230315_SM_Lek1_P2D4_DJI_0003
0,300.0,Set 6,20230315_SM_Lek1_P2D4_DJI_0003,20230315_SM_Lek1_P3D6_DJI_0989
1,1211.0,Set 6,20230315_SM_Lek1_P2D4_DJI_0003,20230315_SM_Lek1_P3D6_DJI_0989
2,236.0,Set 6,20230315_SM_Lek1_P2D4_DJI_0003,20230315_SM_Lek1_P3D6_DJI_0989
3,371.0,Set 6,20230315_SM_Lek1_P2D4_DJI_0003,20230315_SM_Lek1_P3D6_DJI_0989
4,1727.0,Set 6,20230315_SM_Lek1_P2D4_DJI_0003,20230315_SM_Lek1_P3D6_DJI_0989
5,1783.0,Set 6,20230315_SM_Lek1_P2D4_DJI_0003,20230315_SM_Lek1_P3D6_DJI_0989
6,107.0,Set 6,20230315_SM_Lek1_P2D4_DJI_0003,20230315_SM_Lek1_P3D6_DJI_0989
7,424.0,Set 6,20230315_SM_Lek1_P2D4_DJI_0003,20230315_SM_Lek1_P3D6_DJI_0989
8,2837.0,Set 6,20230315_SM_Lek1_P2D4_DJI_0003,20230315_SM_Lek1_P3D6_DJI_0989
9,2735.0,Set 6,20230315_SM_Lek1_P2D4_DJI_0003,20230315_SM_Lek1_P3D6_DJI_0989
10,1381.0,Set 6,20230315_SM_Lek1_P2D4_DJI_0003,20230315_SM_Lek1_P3D6_DJI_0989
11,948.0,Set 6,20230315_SM_Lek1_P2D4_DJI_0003,20230315_SM_Lek1_P3D6_DJI_0989
12,469.0,Set 6,20230315_SM_Lek1_P2D4_DJI_0003,20230315_SM_Lek1_P3D6_DJI_0989
13,696.0,Set 6,20230315_SM_Lek1_P2D4_DJI_0003,20230315_SM_Lek1_P3D6_DJI_0989
14,115.0,Set 6,20230315_SM_Lek1_P2D4_DJI_0003,20230315_SM_Lek1_P3D6_DJI_0989
15,36.0,Set 6,20230315_SM_Lek1_P2D4_DJI_0003,20230315_SM_Lek1_P3D6_DJI_0989
16,210.0,Set 6,20230315_SM_Lek1_P2D4_DJI_0003,20230315_SM_Lek1_P3D6_DJI_0989
17,3572.0,Set 6,20230315_SM_Lek1_P2D4_DJI_0003,20230315_SM_Lek1_P3D6_DJI_0989
18,47.0,Set 6,20230315_SM_Lek1_P2D4_DJI_0003,20230315_SM_Lek1_P3D6_DJI_0989
19,288.0,Set 6,20230315_SM_Lek1_P2D4_DJI_0003,20230315_SM_Lek1_P3D6_DJI_0989
20,20.0,Set 6,20230315_SM_Lek1_P2D4_DJI_0003,20230315_SM_Lek1_P3D6_DJI_0989
21,157.0,Set 6,20230315_SM_Lek1_P2D4_DJI_0003,20230315_SM_Lek1_P3D6_DJI_0989
22,5300.0,Set 6,20230315_SM_Lek1_P2D4_DJI_0003,20230315_SM_Lek1_P3D6_DJI_0989
23,334.0,Set 6,20230315_SM_Lek1_P2D4_DJI_0003,20230315_SM_Lek1_P3D6_DJI_0989
24,1873.0,Set 6,20230315_SM_Lek1_P2D4_DJI_0003,20230315_SM_Lek1_P3D6_DJI_0989
25,119.0,Set 6,20230315_SM_Lek1_P2D4_DJI_0003,20230315_SM_Lek1_P3D6_DJI_0989
26,835.0,Set 6,20230315_SM_Lek1_P2D4_DJI_0003,20230315_SM_Lek1_P3D6_DJI_0989
27,240.0,Set 6,20230315_SM_Lek1_P2D4_DJI_0003,20230315_SM_Lek1_P3D6_DJI_0989
28,136.0,Set 6,20230315_SM_Lek1_P2D4_DJI_0003,20230315_SM_Lek1_P3D6_DJI_0989
29,1244.0,Set 6,20230315_SM_Lek1_P2D4_DJI_0003,20230315_SM_Lek1_P3D6_DJI_0989
30,1520.0,Set 6,20230315_SM_Lek1_P2D4_DJI_0003,20230315_SM_Lek1_P3D6_DJI_0989
31,2861.0,Set 6,20230315_SM_Lek1_P2D4_DJI_0003,20230315_SM_Lek1_P3D6_DJI_0989
32,4205.0,Set 6,20230315_SM_Lek1_P2D4_DJI_0003,20230315_SM_Lek1_P3D6_DJI_0989
